country,date,account_cnt,total_country_account_cnt,rank_total_country_account_cnt,send_interval,is_verified,is_unsubscribed,sent_msg,total_country_sent_cnt,rank_total_country_sent_cnt,open_msg,click_msg
United States,2021-01-19,3,12384,1,7,1,0,23,233503,1,13,2
Singapore,2020-12-29,4,375,10,1,1,0,91,8899,10,15,4
United Kingdom,2021-01-17,0,859,4,1,0,1,7,15748,4,0,0
United States,2020-12-21,43,12384,1,1,0,0,36,233503,1,11,0
France,2021-01-04,3,553,5,1,1,0,96,9520,6,38,4
India,2020-11-19,4,2687,2,1,1,1,20,51189,2,8,0
Italy,2021-02-05,0,386,9,7,1,1,5,7897,11,0,0
Italy,2020-12-24,0,386,9,1,1,1,26,7897,11,8,2
Germany,2020-11-10,2,490,8,1,1,0,27,9483,8,15,3
France,2021-01-26,0,553,5,7,1,0,10,9520,6,2,0
France,2021-02-01,0,553,5,3,1,0,3,9520,6,0,0
Singapore,2021-01-29,0,375,10,1,1,1,7,8899,10,3,0
United Kingdom,2020-12-17,8,859,4,1,1,0,188,15748,4,59,9
United Kingdom,2020-11-28,1,859,4,1,1,1,6,15748,4,3,0
Taiwan,2021-01-16,2,500,7,1,1,0,99,9189,9,17,3
Canada,2021-01-31,0,2067,3,1,1,0,290,37914,3,71,5
United States,2021-01-03,1,12384,1,1,0,1,3,233503,1,0,0
Canada,2020-12-21,1,2067,3,3,1,0,13,37914,3,12,4
France,2021-01-20,0,553,5,3,1,0,3,9520,6,0,0
Canada,2021-01-09,0,2067,3,3,1,0,12,37914,3,6,0
Singapore,2021-01-27,3,375,10,1,0,0,2,8899,10,2,0
Spain,2020-11-12,2,536,6,1,1,1,0,9491,7,0,0
China,2021-01-21,2,490,8,1,1,1,10,10181,5,7,1
United States,2020-12-13,2,12384,1,1,0,1,3,233503,1,0,0
India,2020-12-13,0,2687,2,7,1,1,3,51189,2,2,0
Spain,2020-12-06,2,536,6,1,1,0,95,9491,7,35,5
Canada,2020-11-10,2,2067,3,1,0,0,0,37914,3,0,0
Singapore,2021-02-23,0,375,10,1,1,0,12,8899,10,6,0
Spain,2020-11-08,4,536,6,1,1,0,30,9491,7,15,4
Germany,2021-01-15,4,490,8,1,1,0,136,9483,8,25,3
Germany,2021-01-27,0,490,8,1,0,0,1,9483,8,0,0
United States,2020-12-07,0,12384,1,3,1,0,14,233503,1,8,1
Canada,2021-02-11,0,2067,3,1,1,1,7,37914,3,6,0
India,2020-12-28,8,2687,2,1,0,0,5,51189,2,2,0
Germany,2020-11-30,3,490,8,1,1,1,7,9483,8,6,2
India,2021-02-04,0,2687,2,1,0,1,3,51189,2,0,0
Italy,2020-12-14,1,386,9,1,0,0,1,7897,11,1,0
United Kingdom,2020-12-21,6,859,4,1,1,0,175,15748,4,63,5
Germany,2020-12-01,2,490,8,1,0,1,3,9483,8,0,0
United States,2021-02-20,0,12384,1,1,1,1,22,233503,1,10,1
Canada,2021-02-13,0,2067,3,7,1,0,5,37914,3,0,0
United States,2021-01-07,1,12384,1,1,0,1,3,233503,1,0,0
Singapore,2021-01-20,4,375,10,1,1,0,124,8899,10,57,7
United States,2020-11-11,70,12384,1,1,1,0,769,233503,1,296,34
Taiwan,2021-01-06,2,500,7,1,1,1,8,9189,9,8,0
France,2020-12-21,3,553,5,1,1,0,91,9520,6,48,4
United States,2021-01-28,0,12384,1,3,1,0,1,233503,1,1,0
Canada,2021-01-12,2,2067,3,1,1,1,58,37914,3,41,4
Italy,2021-01-21,2,386,9,1,1,0,76,7897,11,32,2
Canada,2021-01-03,10,2067,3,1,1,0,388,37914,3,122,14
Germany,2020-12-12,0,490,8,1,1,1,3,9483,8,0,0
United Kingdom,2021-01-20,5,859,4,1,1,0,131,15748,4,29,2
Taiwan,2020-12-12,5,500,7,1,1,0,91,9189,9,29,5
United States,2020-11-27,22,12384,1,1,1,1,154,233503,1,68,2
United Kingdom,2021-01-26,5,859,4,1,0,0,3,15748,4,2,0
Canada,2021-02-06,0,2067,3,1,1,0,229,37914,3,61,2
Singapore,2020-12-22,0,375,10,1,1,0,83,8899,10,10,0
Canada,2020-12-16,12,2067,3,1,0,0,16,37914,3,7,0
France,2021-01-03,0,553,5,7,1,1,2,9520,6,1,0
United Kingdom,2020-11-22,1,859,4,1,1,1,5,15748,4,2,1
United States,2020-12-15,114,12384,1,1,1,0,2627,233503,1,893,93
Germany,2021-01-08,0,490,8,2,1,0,4,9483,8,0,0
United States,2020-11-17,1,12384,1,3,1,0,5,233503,1,4,1
India,2021-01-09,0,2687,2,1,0,1,5,51189,2,5,0
India,2020-11-20,5,2687,2,1,1,1,35,51189,2,9,1
Singapore,2021-02-04,0,375,10,2,1,0,1,8899,10,0,0
United States,2020-11-30,0,12384,1,3,1,1,7,233503,1,0,0
France,2020-11-30,0,553,5,1,1,1,7,9520,6,5,1
Germany,2020-11-24,3,490,8,1,0,0,0,9483,8,0,0
United Kingdom,2020-12-25,1,859,4,1,0,0,0,15748,4,0,0
Spain,2021-02-04,0,536,6,1,1,1,5,9491,7,0,0
United Kingdom,2021-01-02,1,859,4,1,0,1,9,15748,4,2,0
United States,2021-01-24,3,12384,1,1,0,1,18,233503,1,3,2
Spain,2020-12-15,1,536,6,1,0,1,0,9491,7,0,0
United States,2020-12-29,3,12384,1,1,0,1,0,233503,1,0,0
Germany,2021-01-05,0,490,8,1,0,0,1,9483,8,1,0
Canada,2020-11-24,7,2067,3,1,0,0,2,37914,3,1,0
United States,2021-01-14,23,12384,1,1,1,1,202,233503,1,111,19
Taiwan,2020-11-07,1,500,7,1,0,0,1,9189,9,1,0
Canada,2020-12-31,0,2067,3,7,1,0,6,37914,3,2,0
Germany,2020-11-22,2,490,8,1,1,1,5,9483,8,1,1
United Kingdom,2021-01-16,0,859,4,1,0,1,7,15748,4,1,0
Italy,2020-11-08,0,386,9,7,1,1,3,7897,11,0,0
France,2021-02-10,0,553,5,1,1,0,71,9520,6,21,2
Taiwan,2020-11-22,2,500,7,1,0,0,3,9189,9,0,0
Italy,2020-12-01,1,386,9,1,1,1,6,7897,11,3,0
Italy,2021-02-11,0,386,9,1,1,0,34,7897,11,6,0
Canada,2021-02-11,0,2067,3,7,1,0,4,37914,3,0,0
Canada,2021-02-14,0,2067,3,1,1,0,160,37914,3,34,5
Singapore,2021-01-07,4,375,10,1,1,0,114,8899,10,28,7
United States,2021-01-29,0,12384,1,7,1,1,5,233503,1,0,0
Canada,2020-12-02,7,2067,3,1,1,1,42,37914,3,21,2
India,2020-11-30,1,2687,2,7,1,0,0,51189,2,0,0
Spain,2021-01-06,1,536,6,1,1,1,9,9491,7,0,0
China,2020-12-10,0,490,8,7,1,1,6,10181,5,6,0
Italy,2020-12-28,1,386,9,1,1,1,21,7897,11,1,1
United States,2021-02-03,0,12384,1,1,0,1,6,233503,1,1,1
United States,2020-11-27,0,12384,1,3,1,1,7,233503,1,0,0
France,2020-11-03,2,553,5,1,0,0,2,9520,6,0,0
Canada,2020-12-08,23,2067,3,1,1,0,417,37914,3,160,17
Singapore,2021-01-22,0,375,10,1,1,1,2,8899,10,0,0
United States,2020-12-25,3,12384,1,1,0,1,7,233503,1,0,0
United Kingdom,2020-11-22,5,859,4,1,1,0,108,15748,4,38,3
United States,2020-11-24,0,12384,1,7,1,0,13,233503,1,4,0
Singapore,2020-12-13,1,375,10,1,1,1,11,8899,10,5,1
Taiwan,2020-12-09,0,500,7,7,1,0,3,9189,9,0,0
Italy,2020-12-31,1,386,9,1,1,0,84,7897,11,28,0
France,2020-12-23,6,553,5,1,1,0,105,9520,6,52,9
United Kingdom,2020-12-26,6,859,4,1,1,0,177,15748,4,35,6
United States,2020-11-25,1,12384,1,3,1,1,5,233503,1,1,1
India,2020-12-22,14,2687,2,1,1,0,619,51189,2,206,23
India,2020-11-12,7,2687,2,1,0,0,1,51189,2,0,0
France,2020-12-15,4,553,5,1,0,0,0,9520,6,0,0
United Kingdom,2021-02-03,0,859,4,1,1,1,11,15748,4,10,3
Spain,2021-01-14,1,536,6,1,0,0,0,9491,7,0,0
France,2020-12-05,2,553,5,1,1,1,5,9520,6,0,0
United States,2020-12-29,3,12384,1,7,1,1,8,233503,1,2,1
United States,2021-01-29,0,12384,1,1,0,1,7,233503,1,3,0
Canada,2020-11-29,1,2067,3,1,0,1,0,37914,3,0,0
United Kingdom,2020-11-11,0,859,4,1,1,1,14,15748,4,9,0
France,2020-12-31,3,553,5,1,1,0,89,9520,6,44,3
Taiwan,2020-12-25,6,500,7,1,1,0,92,9189,9,30,2
China,2020-12-16,6,490,8,1,1,0,140,10181,5,50,6
Italy,2020-11-24,0,386,9,1,1,1,12,7897,11,5,2
United States,2020-12-17,101,12384,1,1,1,0,2617,233503,1,918,104
United Kingdom,2020-11-01,2,859,4,1,0,1,2,15748,4,0,0
India,2021-02-22,0,2687,2,1,1,1,17,51189,2,10,0
Canada,2020-11-26,8,2067,3,1,1,1,31,37914,3,19,1
Spain,2020-12-15,6,536,6,1,1,0,88,9491,7,19,2
Italy,2020-12-16,3,386,9,1,0,0,5,7897,11,0,0
India,2020-11-26,1,2687,2,1,0,1,3,51189,2,1,1
France,2020-11-29,1,553,5,1,1,1,7,9520,6,3,0
Italy,2020-11-09,0,386,9,1,1,0,9,7897,11,0,0
Spain,2021-01-11,2,536,6,1,0,0,2,9491,7,0,0
India,2020-11-13,5,2687,2,1,0,0,4,51189,2,3,0
India,2020-12-03,0,2687,2,3,1,0,3,51189,2,0,0
United States,2020-11-22,52,12384,1,1,1,0,1577,233503,1,545,51
United States,2020-12-17,2,12384,1,7,1,0,21,233503,1,10,4
Canada,2021-01-11,0,2067,3,7,1,1,1,37914,3,1,0
Singapore,2021-01-03,0,375,10,1,1,1,4,8899,10,4,0
Germany,2020-12-13,0,490,8,1,1,1,3,9483,8,2,1
Taiwan,2021-01-03,4,500,7,1,1,0,98,9189,9,24,3
Italy,2021-02-08,0,386,9,7,1,1,5,7897,11,0,0
India,2020-11-07,12,2687,2,1,1,0,135,51189,2,57,14
Singapore,2021-02-13,0,375,10,1,1,0,40,8899,10,17,2
India,2021-01-08,1,2687,2,3,1,1,0,51189,2,0,0
India,2020-12-24,7,2687,2,1,1,1,65,51189,2,27,2
France,2020-11-07,0,553,5,1,1,0,7,9520,6,2,0
India,2021-02-12,0,2687,2,1,1,0,197,51189,2,66,5
Spain,2020-12-08,2,536,6,1,1,1,3,9491,7,1,0
Italy,2021-02-22,0,386,9,1,1,0,7,7897,11,0,0
Taiwan,2020-12-30,2,500,7,1,1,0,96,9189,9,27,1
Spain,2021-02-02,0,536,6,1,1,1,4,9491,7,3,0
United States,2020-12-25,11,12384,1,1,1,1,212,233503,1,123,17
United Kingdom,2021-01-06,0,859,4,7,1,0,2,15748,4,2,0
United States,2020-11-12,29,12384,1,1,0,0,16,233503,1,3,0
United Kingdom,2021-01-23,0,859,4,7,1,0,5,15748,4,0,0
India,2020-11-15,13,2687,2,1,1,0,266,51189,2,99,13
Singapore,2021-01-29,0,375,10,2,1,0,1,8899,10,1,0
Canada,2021-02-09,0,2067,3,1,1,1,3,37914,3,3,0
United States,2021-01-05,1,12384,1,2,1,1,0,233503,1,0,0
Canada,2020-12-01,7,2067,3,1,0,0,6,37914,3,0,0
Spain,2020-12-17,1,536,6,1,1,0,107,9491,7,28,1
China,2021-01-14,2,490,8,1,1,0,114,10181,5,40,2
Italy,2021-02-18,0,386,9,3,1,0,5,7897,11,1,0
Canada,2021-01-01,11,2067,3,1,1,0,408,37914,3,109,10
United Kingdom,2021-01-31,0,859,4,1,1,1,6,15748,4,6,1
France,2021-01-06,2,553,5,1,0,0,2,9520,6,0,0
Italy,2021-02-08,0,386,9,3,1,0,6,7897,11,2,1
United States,2020-11-05,21,12384,1,1,1,1,41,233503,1,33,8
France,2020-12-16,3,553,5,1,1,1,6,9520,6,4,0
Spain,2021-02-12,0,536,6,1,1,0,20,9491,7,2,0
United States,2020-11-22,30,12384,1,1,0,0,29,233503,1,15,0
United States,2021-01-20,3,12384,1,1,0,1,16,233503,1,5,2
Taiwan,2020-11-05,1,500,7,1,0,0,1,9189,9,0,0
Canada,2021-01-10,0,2067,3,7,1,1,2,37914,3,2,0
United Kingdom,2020-11-09,1,859,4,1,0,1,0,15748,4,0,0
United Kingdom,2020-12-30,2,859,4,1,0,0,3,15748,4,2,0
United Kingdom,2020-12-31,2,859,4,7,1,0,1,15748,4,1,1
Canada,2020-12-11,14,2067,3,1,1,0,429,37914,3,167,20
United Kingdom,2020-12-20,2,859,4,1,1,1,19,15748,4,12,0
Italy,2021-01-02,1,386,9,1,1,1,19,7897,11,3,0
India,2020-11-30,4,2687,2,1,1,1,45,51189,2,28,2
China,2020-12-30,1,490,8,1,0,0,0,10181,5,0,0
United Kingdom,2020-11-26,6,859,4,1,1,0,116,15748,4,31,6
United States,2020-11-03,115,12384,1,1,1,0,228,233503,1,96,15
India,2021-02-23,0,2687,2,1,1,0,54,51189,2,8,0
Italy,2021-02-06,0,386,9,1,1,0,53,7897,11,14,0
United Kingdom,2020-12-28,2,859,4,1,1,1,11,15748,4,7,1
Germany,2021-01-17,0,490,8,7,1,1,3,9483,8,1,0
United States,2021-02-04,0,12384,1,7,1,1,5,233503,1,2,2
Spain,2020-12-07,0,536,6,1,0,1,3,9491,7,0,0
Spain,2020-12-09,0,536,6,1,0,1,3,9491,7,3,0
United Kingdom,2020-12-05,0,859,4,7,1,0,1,15748,4,1,0
Singapore,2020-12-27,4,375,10,1,1,0,90,8899,10,15,0
France,2020-11-18,2,553,5,1,1,1,4,9520,6,4,2
India,2020-12-25,1,2687,2,1,1,1,54,51189,2,19,1
Singapore,2020-12-19,0,375,10,1,0,0,3,8899,10,1,0
Germany,2021-02-10,0,490,8,1,1,0,57,9483,8,20,6
Taiwan,2020-11-04,0,500,7,1,1,1,3,9189,9,2,0
Taiwan,2020-12-10,2,500,7,1,1,1,10,9189,9,6,1
Canada,2020-11-12,3,2067,3,1,1,1,6,37914,3,6,0
United States,2020-12-29,38,12384,1,1,0,0,26,233503,1,10,0
Italy,2021-01-27,1,386,9,1,1,0,63,7897,11,22,0
United States,2021-02-21,0,12384,1,1,1,0,320,233503,1,114,5
United States,2020-11-13,61,12384,1,1,1,0,895,233503,1,365,47
Canada,2021-01-02,9,2067,3,1,1,0,397,37914,3,117,12
United States,2020-11-19,0,12384,1,7,1,1,9,233503,1,9,2
Germany,2020-11-27,1,490,8,1,1,0,54,9483,8,27,3
Canada,2020-12-10,18,2067,3,1,1,0,434,37914,3,164,27
Canada,2021-01-29,0,2067,3,1,1,1,38,37914,3,23,5
United Kingdom,2021-01-28,0,859,4,1,1,0,169,15748,4,69,11
Italy,2021-01-31,0,386,9,3,1,0,6,7897,11,4,1
United States,2021-02-05,0,12384,1,7,1,0,9,233503,1,2,2
United States,2021-02-20,0,12384,1,1,0,0,1,233503,1,0,0
United States,2020-12-23,20,12384,1,1,1,1,257,233503,1,148,16
United Kingdom,2020-12-10,0,859,4,7,1,0,5,15748,4,0,0
France,2020-11-27,1,553,5,1,0,0,1,9520,6,1,0
United States,2021-02-05,0,12384,1,1,1,1,160,233503,1,53,2
Taiwan,2020-11-20,0,500,7,1,1,0,62,9189,9,16,2
United States,2021-02-05,0,12384,1,7,1,1,4,233503,1,0,0
United States,2020-11-28,22,12384,1,1,1,1,159,233503,1,78,7
China,2020-12-01,0,490,8,1,1,1,7,10181,5,4,0
India,2021-01-03,5,2687,2,1,1,1,35,51189,2,6,1
Spain,2020-11-18,5,536,6,1,1,0,74,9491,7,15,1
France,2021-01-09,0,553,5,1,1,1,7,9520,6,7,0
India,2021-01-27,0,2687,2,1,0,1,5,51189,2,0,0
India,2021-01-05,9,2687,2,1,0,0,6,51189,2,5,0
India,2021-02-14,0,2687,2,7,1,0,1,51189,2,0,0
India,2021-02-08,0,2687,2,1,1,1,45,51189,2,15,2
Canada,2020-12-08,1,2067,3,1,0,1,2,37914,3,0,0
China,2021-02-05,0,490,8,1,1,1,3,10181,5,2,1
Spain,2020-11-27,5,536,6,1,1,0,125,9491,7,48,6
United States,2020-11-07,0,12384,1,7,1,1,6,233503,1,6,2
United States,2020-12-20,0,12384,1,3,1,0,14,233503,1,5,1
Germany,2021-02-05,0,490,8,1,1,0,66,9483,8,12,1
Canada,2021-02-17,0,2067,3,1,1,0,144,37914,3,37,5
Spain,2021-01-27,0,536,6,1,1,0,70,9491,7,18,3
Taiwan,2020-12-16,0,500,7,1,1,1,5,9189,9,0,0
United Kingdom,2021-02-08,0,859,4,1,1,1,5,15748,4,0,0
Italy,2020-12-09,0,386,9,1,1,1,18,7897,11,13,4
United States,2020-12-26,1,12384,1,1,0,1,1,233503,1,0,0
Spain,2021-01-21,2,536,6,1,1,0,70,9491,7,15,1
Spain,2020-12-20,1,536,6,1,1,1,7,9491,7,0,0
Canada,2021-01-16,3,2067,3,1,1,1,54,37914,3,22,0
Taiwan,2020-12-23,3,500,7,1,1,0,99,9189,9,32,0
France,2020-11-19,0,553,5,7,1,1,1,9520,6,1,0
United States,2021-02-19,0,12384,1,7,1,0,5,233503,1,5,1
China,2021-02-02,0,490,8,1,1,0,105,10181,5,38,2
France,2021-02-03,0,553,5,1,1,1,3,9520,6,0,0
Canada,2020-12-13,4,2067,3,1,0,0,5,37914,3,2,0
France,2021-01-02,0,553,5,1,1,0,92,9520,6,47,9
Canada,2020-12-20,2,2067,3,1,1,1,43,37914,3,25,0
Germany,2021-01-31,0,490,8,7,1,1,3,9483,8,1,0
India,2021-02-06,0,2687,2,1,1,0,299,51189,2,92,7
Germany,2021-01-14,1,490,8,1,0,1,0,9483,8,0,0
United Kingdom,2020-11-16,3,859,4,1,0,0,1,15748,4,0,0
China,2020-11-08,0,490,8,1,1,0,8,10181,5,8,1
United States,2020-12-30,0,12384,1,7,1,0,20,233503,1,7,1
Taiwan,2020-11-04,2,500,7,1,0,0,1,9189,9,1,0
Taiwan,2021-02-13,0,500,7,1,1,0,51,9189,9,17,3
Italy,2020-12-15,0,386,9,1,1,1,18,7897,11,3,0
Spain,2020-11-25,2,536,6,1,1,0,126,9491,7,40,5
India,2020-11-26,1,2687,2,1,1,1,46,51189,2,25,1
Italy,2020-12-13,1,386,9,1,1,0,59,7897,11,18,5
Canada,2021-02-08,0,2067,3,1,1,0,210,37914,3,55,7
India,2020-12-11,2,2687,2,1,0,1,2,51189,2,0,0
United States,2020-12-28,19,12384,1,1,1,1,178,233503,1,108,10
Italy,2020-11-04,1,386,9,1,0,0,0,7897,11,0,0
France,2021-01-23,1,553,5,1,1,1,4,9520,6,1,0
China,2021-01-22,5,490,8,1,1,0,134,10181,5,56,5
Spain,2021-01-19,3,536,6,1,0,0,2,9491,7,0,0
Germany,2021-01-15,0,490,8,1,0,0,1,9483,8,1,0
Italy,2020-11-17,0,386,9,7,1,1,6,7897,11,1,1
France,2021-01-26,0,553,5,3,1,0,3,9520,6,0,0
Taiwan,2021-01-29,0,500,7,1,1,0,69,9189,9,27,1
United States,2021-01-24,42,12384,1,1,0,0,33,233503,1,11,0
United Kingdom,2021-01-02,2,859,4,1,0,0,3,15748,4,2,0
France,2020-12-28,0,553,5,7,1,1,7,9520,6,0,0
United Kingdom,2020-11-21,6,859,4,1,1,0,99,15748,4,31,3
Germany,2021-02-13,0,490,8,1,1,0,49,9483,8,21,4
United Kingdom,2020-11-20,6,859,4,1,1,0,96,15748,4,28,5
Canada,2020-12-18,11,2067,3,1,1,0,502,37914,3,174,22
India,2021-01-30,0,2687,2,7,1,0,3,51189,2,0,0
France,2020-11-18,1,553,5,1,0,1,0,9520,6,0,0
Italy,2021-01-05,1,386,9,1,0,0,0,7897,11,0,0
India,2020-11-11,7,2687,2,1,0,0,3,51189,2,1,0
United Kingdom,2021-01-03,0,859,4,7,1,0,2,15748,4,2,0
United States,2021-01-08,2,12384,1,7,1,0,30,233503,1,11,2
France,2021-02-03,0,553,5,1,1,0,97,9520,6,30,2
France,2021-01-25,0,553,5,7,1,0,6,9520,6,3,0
India,2021-02-12,0,2687,2,7,1,0,3,51189,2,0,0
United Kingdom,2020-11-08,4,859,4,1,1,0,45,15748,4,16,4
Canada,2021-01-03,0,2067,3,3,1,0,12,37914,3,8,0
United States,2021-01-20,0,12384,1,7,1,0,25,233503,1,11,3
Taiwan,2020-11-25,1,500,7,1,1,0,89,9189,9,31,3
United States,2021-01-04,14,12384,1,1,1,1,144,233503,1,87,6
Taiwan,2021-02-03,0,500,7,1,1,0,65,9189,9,21,0
France,2020-12-20,1,553,5,7,1,1,1,9520,6,0,0
United States,2021-01-30,0,12384,1,1,0,0,12,233503,1,3,0
Singapore,2021-01-17,1,375,10,1,0,0,0,8899,10,0,0
United Kingdom,2020-11-11,5,859,4,1,1,0,52,15748,4,23,3
Singapore,2021-01-19,0,375,10,1,1,1,3,8899,10,1,1
China,2020-11-04,3,490,8,1,0,0,0,10181,5,0,0
United States,2020-11-24,16,12384,1,1,1,1,175,233503,1,97,15
Canada,2021-02-16,0,2067,3,1,0,0,5,37914,3,0,0
Singapore,2021-02-15,0,375,10,1,1,0,41,8899,10,21,2
United Kingdom,2020-12-04,0,859,4,7,1,0,1,15748,4,1,0
Taiwan,2020-11-04,7,500,7,1,1,0,15,9189,9,6,1
India,2021-01-02,5,2687,2,1,1,1,40,51189,2,8,2
Singapore,2020-12-11,1,375,10,1,0,0,2,8899,10,0,0
China,2020-12-18,2,490,8,1,1,0,152,10181,5,55,9
France,2020-11-03,1,553,5,1,0,1,1,9520,6,0,0
France,2020-12-30,2,553,5,1,1,0,87,9520,6,41,5
Taiwan,2020-12-28,3,500,7,1,1,0,76,9189,9,19,2
Canada,2020-11-22,1,2067,3,1,0,0,1,37914,3,1,0
Singapore,2020-12-27,1,375,10,1,0,0,2,8899,10,2,0
Germany,2021-01-26,0,490,8,1,1,1,5,9483,8,1,0
United States,2020-11-01,65,12384,1,1,1,0,36,233503,1,14,1
Canada,2020-11-04,2,2067,3,1,0,1,1,37914,3,0,0
United Kingdom,2021-01-07,0,859,4,1,0,1,8,15748,4,0,0
China,2021-01-27,4,490,8,1,0,0,2,10181,5,2,0
India,2021-01-17,0,2687,2,7,1,0,2,51189,2,1,1
Italy,2020-11-25,0,386,9,1,1,1,11,7897,11,10,0
India,2021-02-14,0,2687,2,1,1,0,156,51189,2,50,4
China,2020-12-14,0,490,8,7,1,1,5,10181,5,3,2
Italy,2021-01-26,0,386,9,3,1,0,8,7897,11,2,0
France,2021-01-15,0,553,5,7,1,0,6,9520,6,0,0
Singapore,2020-12-25,0,375,10,1,1,0,104,8899,10,18,0
Germany,2020-12-15,0,490,8,2,1,0,4,9483,8,4,0
Spain,2020-11-20,1,536,6,1,1,1,0,9491,7,0,0
China,2020-12-23,3,490,8,1,1,0,127,10181,5,40,4
Canada,2021-01-12,4,2067,3,1,0,0,5,37914,3,0,0
China,2021-01-22,0,490,8,1,1,1,6,10181,5,5,2
United Kingdom,2020-12-08,0,859,4,7,1,0,2,15748,4,1,1
United States,2020-12-03,2,12384,1,7,1,0,16,233503,1,5,2
Germany,2020-12-21,2,490,8,1,1,0,105,9483,8,37,1
Canada,2021-01-27,11,2067,3,1,1,0,340,37914,3,112,6
India,2020-12-19,1,2687,2,7,1,0,10,51189,2,8,1
Spain,2020-11-17,2,536,6,1,0,0,0,9491,7,0,0
China,2020-11-20,0,490,8,1,0,0,1,10181,5,0,0
India,2021-01-06,9,2687,2,1,1,1,33,51189,2,13,2
France,2020-12-20,5,553,5,1,1,0,93,9520,6,33,5
China,2020-11-20,0,490,8,1,1,1,4,10181,5,4,0
India,2020-11-11,15,2687,2,1,1,0,197,51189,2,82,12
France,2021-01-02,0,553,5,7,1,0,3,9520,6,0,0
Spain,2020-12-03,2,536,6,1,1,1,6,9491,7,5,1
Canada,2020-11-10,12,2067,3,1,1,0,93,37914,3,23,2
United States,2021-01-24,71,12384,1,1,1,0,2339,233503,1,826,101
Canada,2021-01-24,1,2067,3,1,0,1,0,37914,3,0,0
United States,2021-01-05,46,12384,1,1,0,0,30,233503,1,9,0
Italy,2020-12-31,0,386,9,1,1,1,18,7897,11,4,1
Spain,2020-11-07,1,536,6,1,0,0,0,9491,7,0,0
India,2021-01-07,1,2687,2,7,1,0,3,51189,2,1,0
India,2020-11-19,1,2687,2,1,0,1,2,51189,2,0,0
United Kingdom,2020-12-21,3,859,4,1,0,0,4,15748,4,3,0
Taiwan,2020-11-08,0,500,7,1,1,1,2,9189,9,2,0
Germany,2020-12-02,1,490,8,1,0,0,0,9483,8,0,0
Spain,2021-02-08,0,536,6,7,1,1,8,9491,7,8,0
Italy,2020-11-10,0,386,9,7,1,1,3,7897,11,0,0
France,2021-02-18,0,553,5,1,1,0,36,9520,6,17,5
France,2020-12-04,5,553,5,1,1,0,66,9520,6,32,1
United States,2021-02-05,0,12384,1,1,0,0,4,233503,1,2,1
Canada,2020-12-16,3,2067,3,1,1,1,59,37914,3,32,10
United States,2021-01-20,44,12384,1,1,0,0,20,233503,1,7,0
United States,2020-12-15,5,12384,1,1,0,1,3,233503,1,0,0
United Kingdom,2020-12-20,2,859,4,1,1,0,200,15748,4,58,8
Canada,2020-11-06,16,2067,3,1,1,0,56,37914,3,16,5
Taiwan,2021-01-11,0,500,7,1,1,1,15,9189,9,2,0
India,2020-11-01,5,2687,2,1,1,1,0,51189,2,0,0
Canada,2021-01-25,0,2067,3,7,1,0,1,37914,3,0,0
Germany,2021-02-03,0,490,8,1,1,0,58,9483,8,12,3
Canada,2020-11-02,4,2067,3,1,1,1,2,37914,3,0,0
Italy,2020-11-20,1,386,9,1,1,1,0,7897,11,0,0
Canada,2021-01-26,7,2067,3,1,0,0,4,37914,3,1,0
United States,2020-11-17,97,12384,1,1,1,0,1193,233503,1,452,44
Spain,2020-11-11,3,536,6,1,1,1,2,9491,7,2,1
Canada,2020-11-08,4,2067,3,1,1,1,16,37914,3,13,1
China,2021-02-12,0,490,8,1,1,0,54,10181,5,13,1
United States,2020-11-07,14,12384,1,1,1,1,63,233503,1,48,9
Taiwan,2021-02-10,0,500,7,1,1,0,35,9189,9,21,2
Canada,2020-12-26,0,2067,3,7,1,0,8,37914,3,6,1
United Kingdom,2021-01-27,2,859,4,1,1,1,14,15748,4,10,2
Italy,2021-01-13,1,386,9,1,1,1,11,7897,11,7,0
United Kingdom,2021-01-13,5,859,4,1,1,0,162,15748,4,50,9
United States,2021-01-23,0,12384,1,7,1,0,22,233503,1,13,3
Spain,2020-11-02,1,536,6,1,0,1,3,9491,7,1,0
United States,2021-01-16,0,12384,1,7,1,1,3,233503,1,0,0
Spain,2021-01-18,2,536,6,1,1,1,8,9491,7,8,1
Canada,2020-11-13,1,2067,3,1,0,1,3,37914,3,0,0
Canada,2021-01-21,3,2067,3,1,1,1,55,37914,3,35,5
Italy,2021-01-28,0,386,9,1,1,0,58,7897,11,27,1
Canada,2021-02-04,0,2067,3,1,1,1,12,37914,3,7,1
Canada,2020-11-20,0,2067,3,1,0,1,3,37914,3,0,0
India,2020-12-15,30,2687,2,1,1,0,579,51189,2,184,17
Taiwan,2020-12-15,3,500,7,1,0,0,3,9189,9,1,0
United States,2021-01-21,4,12384,1,1,0,1,20,233503,1,5,2
Taiwan,2020-11-29,2,500,7,1,1,0,94,9189,9,26,1
United States,2021-02-14,0,12384,1,7,1,1,3,233503,1,3,0
Spain,2020-11-11,3,536,6,1,0,0,1,9491,7,0,0
Canada,2020-12-04,5,2067,3,1,0,0,4,37914,3,2,0
United States,2020-11-27,2,12384,1,1,0,1,0,233503,1,0,0
India,2021-01-10,16,2687,2,1,1,0,461,51189,2,195,13
China,2020-12-26,1,490,8,1,1,0,113,10181,5,41,8
Spain,2020-11-29,1,536,6,1,0,0,2,9491,7,0,0
Italy,2020-12-03,1,386,9,1,1,1,7,7897,11,5,2
India,2020-12-14,6,2687,2,1,0,0,11,51189,2,5,0
Taiwan,2020-12-14,0,500,7,3,1,1,6,9189,9,4,1
Canada,2020-11-26,7,2067,3,1,0,0,4,37914,3,1,0
Italy,2020-12-22,2,386,9,1,0,0,2,7897,11,0,0
France,2020-11-09,1,553,5,1,1,0,4,9520,6,3,0
United Kingdom,2021-01-26,0,859,4,7,1,0,4,15748,4,0,0
India,2020-12-10,0,2687,2,7,1,0,4,51189,2,4,2
China,2021-01-20,5,490,8,1,1,0,110,10181,5,48,5
France,2021-01-14,4,553,5,1,0,0,6,9520,6,2,0
United States,2020-12-18,28,12384,1,1,1,1,282,233503,1,150,20
Canada,2020-11-27,4,2067,3,1,1,1,23,37914,3,9,1
Singapore,2021-01-23,0,375,10,2,1,0,1,8899,10,1,0
Taiwan,2020-11-16,1,500,7,3,1,1,0,9189,9,0,0
China,2020-12-15,1,490,8,1,0,0,1,10181,5,1,0
Singapore,2021-02-05,0,375,10,1,1,0,69,8899,10,13,2
France,2020-12-17,2,553,5,1,1,1,9,9520,6,4,0
United States,2021-01-02,15,12384,1,1,1,1,130,233503,1,74,6
China,2020-12-03,0,490,8,1,1,1,9,10181,5,6,2
Canada,2021-01-21,15,2067,3,1,1,0,319,37914,3,105,6
Germany,2021-02-11,0,490,8,1,1,0,60,9483,8,19,2
Singapore,2020-12-25,2,375,10,1,1,1,3,8899,10,3,0
France,2020-12-07,1,553,5,1,0,0,1,9520,6,0,0
Italy,2021-01-21,0,386,9,7,1,1,1,7897,11,0,0
India,2021-01-30,0,2687,2,1,0,1,3,51189,2,0,0
Singapore,2020-11-09,2,375,10,1,1,1,1,8899,10,1,0
United States,2021-02-04,0,12384,1,7,1,0,8,233503,1,0,0
Canada,2020-12-08,1,2067,3,7,1,0,0,37914,3,0,0
Taiwan,2021-01-14,2,500,7,1,0,0,2,9189,9,0,0
India,2021-01-21,0,2687,2,1,0,1,5,51189,2,5,0
Spain,2020-12-02,2,536,6,1,0,0,0,9491,7,0,0
United States,2020-12-01,91,12384,1,1,1,0,2185,233503,1,715,63
France,2021-01-06,0,553,5,7,1,0,3,9520,6,0,0
United Kingdom,2020-11-16,0,859,4,1,1,1,7,15748,4,6,1
India,2020-12-29,6,2687,2,1,1,1,61,51189,2,16,1
India,2020-12-23,5,2687,2,1,0,0,3,51189,2,0,0
China,2020-12-19,1,490,8,1,1,1,13,10181,5,13,0
Spain,2020-11-19,1,536,6,1,0,0,0,9491,7,0,0
United States,2020-11-09,28,12384,1,1,0,0,18,233503,1,4,0
Spain,2021-02-17,0,536,6,1,1,0,16,9491,7,3,0
Germany,2020-11-08,2,490,8,1,1,0,16,9483,8,13,3
Singapore,2020-11-25,0,375,10,1,1,1,4,8899,10,1,0
Germany,2020-11-18,1,490,8,7,1,0,0,9483,8,0,0
United States,2020-12-20,29,12384,1,1,0,0,35,233503,1,15,1
Canada,2020-12-20,0,2067,3,7,1,0,9,37914,3,0,0
Canada,2020-11-25,0,2067,3,1,0,1,3,37914,3,3,0
United Kingdom,2021-01-25,2,859,4,1,1,1,12,15748,4,6,0
United States,2021-02-03,0,12384,1,1,1,0,2017,233503,1,704,62
Italy,2021-01-19,5,386,9,1,1,0,65,7897,11,28,5
Italy,2020-11-23,3,386,9,1,1,0,51,7897,11,25,7
Taiwan,2020-12-20,1,500,7,1,1,1,4,9189,9,4,1
Taiwan,2021-01-18,0,500,7,1,0,0,1,9189,9,0,0
China,2020-11-08,2,490,8,1,0,0,4,10181,5,0,0
United Kingdom,2020-11-29,1,859,4,7,1,0,1,15748,4,0,0
India,2020-11-12,0,2687,2,7,1,0,1,51189,2,0,0
Spain,2020-11-19,5,536,6,1,1,0,81,9491,7,17,4
France,2021-01-01,0,553,5,7,1,0,3,9520,6,0,0
India,2021-01-31,0,2687,2,1,1,1,41,51189,2,27,2
United Kingdom,2020-11-02,3,859,4,1,1,0,2,15748,4,2,0
United States,2020-11-19,0,12384,1,7,1,0,11,233503,1,5,3
Germany,2021-01-06,1,490,8,1,0,0,1,9483,8,0,0
Germany,2020-12-03,1,490,8,1,1,1,0,9483,8,0,0
Singapore,2020-11-19,1,375,10,1,1,0,44,8899,10,19,2
India,2020-12-04,0,2687,2,3,1,0,3,51189,2,1,1
Singapore,2021-01-01,0,375,10,2,1,0,5,8899,10,0,0
Taiwan,2021-01-18,0,500,7,1,1,1,3,9189,9,0,0
United States,2020-12-01,0,12384,1,7,1,0,19,233503,1,6,1
France,2021-01-01,0,553,5,7,1,1,7,9520,6,0,0
France,2021-02-11,0,553,5,1,1,0,51,9520,6,14,1
United States,2021-02-01,0,12384,1,7,1,1,5,233503,1,0,0
Canada,2021-01-04,0,2067,3,3,1,0,10,37914,3,9,1
France,2020-12-15,3,553,5,1,1,1,5,9520,6,0,0
United Kingdom,2020-12-19,8,859,4,1,1,0,197,15748,4,60,6
Canada,2021-02-11,0,2067,3,1,1,0,187,37914,3,48,7
Italy,2020-11-30,2,386,9,1,0,0,0,7897,11,0,0
Spain,2020-11-05,2,536,6,1,0,0,1,9491,7,0,0
France,2020-12-18,1,553,5,3,1,0,0,9520,6,0,0
India,2021-02-20,0,2687,2,1,1,1,13,51189,2,7,0
Canada,2021-01-08,2,2067,3,1,1,1,41,37914,3,27,6
United States,2020-12-04,3,12384,1,1,0,1,6,233503,1,4,2
United States,2021-02-04,0,12384,1,1,0,0,3,233503,1,0,0
Germany,2020-11-01,2,490,8,1,1,0,4,9483,8,4,1
Taiwan,2020-12-05,2,500,7,1,0,0,1,9189,9,1,0
United States,2020-11-09,60,12384,1,1,1,0,638,233503,1,262,27
Singapore,2021-02-20,0,375,10,7,1,0,1,8899,10,0,0
United States,2021-01-09,26,12384,1,1,0,0,18,233503,1,5,1
India,2020-12-08,2,2687,2,1,0,1,0,51189,2,0,0
France,2020-11-12,1,553,5,1,0,0,0,9520,6,0,0
United States,2020-11-26,0,12384,1,3,1,1,5,233503,1,0,0
Canada,2020-11-08,11,2067,3,1,1,0,82,37914,3,32,6
India,2020-11-19,16,2687,2,1,1,0,311,51189,2,116,18
India,2020-12-22,1,2687,2,7,1,0,16,51189,2,14,0
India,2020-12-06,5,2687,2,1,1,1,28,51189,2,8,3
United Kingdom,2020-12-02,4,859,4,1,0,0,0,15748,4,0,0
United States,2021-01-17,0,12384,1,3,1,0,1,233503,1,1,0
India,2021-02-20,0,2687,2,1,1,0,101,51189,2,30,2
Singapore,2020-12-02,1,375,10,1,0,0,2,8899,10,0,0
United States,2020-12-23,2,12384,1,7,1,1,6,233503,1,0,0
Singapore,2020-12-12,2,375,10,1,1,0,73,8899,10,12,3
Taiwan,2020-11-28,3,500,7,1,1,0,92,9189,9,27,0
Taiwan,2021-01-03,0,500,7,1,0,1,1,9189,9,0,0
United Kingdom,2020-11-01,2,859,4,1,1,0,0,15748,4,0,0
Germany,2020-12-15,0,490,8,1,1,1,7,9483,8,2,1
United States,2020-11-19,0,12384,1,3,1,1,5,233503,1,2,1
Spain,2020-11-13,3,536,6,1,0,0,0,9491,7,0,0
Italy,2020-11-17,3,386,9,1,1,1,0,7897,11,0,0
United Kingdom,2020-12-09,1,859,4,1,1,1,0,15748,4,0,0
Canada,2020-11-12,17,2067,3,1,1,0,120,37914,3,38,2
United States,2021-01-26,2,12384,1,7,1,1,5,233503,1,0,0
India,2020-11-03,12,2687,2,1,0,0,8,51189,2,6,0
India,2020-12-03,17,2687,2,1,1,0,539,51189,2,168,5
Singapore,2020-12-29,1,375,10,1,1,1,4,8899,10,4,0
United Kingdom,2020-11-25,5,859,4,1,0,0,3,15748,4,2,0
Spain,2020-12-22,1,536,6,1,0,0,5,9491,7,0,0
India,2021-02-05,0,2687,2,1,0,1,3,51189,2,1,0
China,2021-01-06,0,490,8,1,1,1,3,10181,5,0,0
Taiwan,2021-01-11,3,500,7,1,0,0,5,9189,9,0,0
France,2021-02-15,0,553,5,1,1,0,38,9520,6,14,3
United States,2020-11-01,13,12384,1,1,1,1,5,233503,1,5,1
Canada,2021-01-20,17,2067,3,1,1,0,305,37914,3,105,16
Singapore,2020-11-23,6,375,10,1,1,0,52,8899,10,8,0
Canada,2020-12-27,0,2067,3,7,1,0,5,37914,3,4,0
Spain,2020-12-19,2,536,6,1,0,0,0,9491,7,0,0
Germany,2021-01-02,2,490,8,1,1,0,100,9483,8,30,1
United States,2020-11-20,0,12384,1,3,1,1,5,233503,1,0,0
Italy,2021-02-01,0,386,9,3,1,0,7,7897,11,4,0
United Kingdom,2020-12-09,6,859,4,1,0,0,5,15748,4,0,0
United States,2021-01-24,0,12384,1,3,1,0,3,233503,1,3,0
Spain,2020-12-12,3,536,6,1,1,1,5,9491,7,5,1
India,2020-11-06,0,2687,2,7,1,0,2,51189,2,0,0
Germany,2021-01-28,0,490,8,1,0,1,1,9483,8,0,0
India,2020-11-18,18,2687,2,1,1,0,306,51189,2,114,22
Italy,2020-11-29,1,386,9,1,1,1,10,7897,11,6,0
Taiwan,2020-12-11,0,500,7,1,1,1,10,9189,9,4,3
Spain,2021-01-20,3,536,6,1,1,0,72,9491,7,20,0
United States,2020-11-05,0,12384,1,7,1,0,8,233503,1,8,2
United States,2021-01-26,2,12384,1,1,0,1,18,233503,1,3,0
United Kingdom,2020-11-21,1,859,4,1,0,0,2,15748,4,0,0
Italy,2021-01-06,7,386,9,1,1,0,91,7897,11,33,3
United States,2021-01-20,1,12384,1,7,0,1,0,233503,1,0,0
India,2021-01-20,12,2687,2,1,0,0,7,51189,2,2,0
Canada,2021-01-17,0,2067,3,3,1,0,3,37914,3,3,1
Italy,2020-12-25,2,386,9,1,0,0,1,7897,11,0,0
India,2020-11-20,11,2687,2,1,0,0,3,51189,2,1,0
United States,2021-02-07,0,12384,1,7,1,1,3,233503,1,0,0
United Kingdom,2021-01-11,2,859,4,1,0,0,4,15748,4,1,0
India,2020-12-10,8,2687,2,1,1,1,45,51189,2,25,8
United Kingdom,2021-01-02,0,859,4,1,1,1,12,15748,4,5,0
United States,2020-12-31,0,12384,1,7,1,1,7,233503,1,0,0
France,2021-01-03,0,553,5,1,1,1,18,9520,6,18,0
United Kingdom,2021-02-13,0,859,4,1,1,0,58,15748,4,18,2
Spain,2020-11-12,4,536,6,1,1,0,31,9491,7,13,1
Canada,2021-02-08,0,2067,3,1,1,1,3,37914,3,2,0
Singapore,2021-01-04,0,375,10,2,1,0,6,8899,10,0,0
Italy,2020-12-07,3,386,9,1,1,0,71,7897,11,23,1
Italy,2021-01-08,1,386,9,1,0,0,0,7897,11,0,0
United Kingdom,2020-12-23,3,859,4,1,0,0,0,15748,4,0,0
Canada,2021-01-03,0,2067,3,7,1,0,7,37914,3,6,0
France,2021-01-21,6,553,5,1,1,0,110,9520,6,40,3
China,2020-12-04,1,490,8,1,1,0,74,10181,5,32,2
United States,2021-02-19,0,12384,1,7,1,1,5,233503,1,1,0
United States,2020-12-26,18,12384,1,1,0,0,24,233503,1,16,1
Italy,2020-12-10,1,386,9,1,1,1,13,7897,11,4,1
Spain,2020-12-08,7,536,6,1,1,0,110,9491,7,27,6
United Kingdom,2020-12-15,1,859,4,1,1,1,0,15748,4,0,0
Germany,2021-01-25,4,490,8,1,1,0,95,9483,8,42,6
Spain,2020-11-29,0,536,6,1,1,1,6,9491,7,0,0
China,2020-11-07,3,490,8,1,1,0,14,10181,5,12,2
United Kingdom,2020-12-08,13,859,4,1,1,0,203,15748,4,64,9
Taiwan,2020-11-12,1,500,7,1,0,0,1,9189,9,0,0
India,2021-02-08,0,2687,2,1,1,0,263,51189,2,74,4
Canada,2021-02-09,0,2067,3,7,1,0,4,37914,3,0,0
United States,2021-01-18,21,12384,1,1,1,1,181,233503,1,104,15
Italy,2020-12-12,3,386,9,1,1,0,67,7897,11,19,0
Taiwan,2021-01-24,1,500,7,1,1,1,13,9189,9,6,0
Canada,2020-12-15,12,2067,3,1,0,0,14,37914,3,4,0
Singapore,2020-12-18,1,375,10,1,1,0,76,8899,10,9,2
India,2021-01-19,3,2687,2,1,1,1,28,51189,2,17,0
United Kingdom,2021-01-19,5,859,4,1,1,0,130,15748,4,36,2
France,2020-12-17,10,553,5,1,1,0,97,9520,6,27,3
Italy,2020-12-11,2,386,9,1,0,0,0,7897,11,0,0
United Kingdom,2021-01-06,1,859,4,3,1,0,0,15748,4,0,0
Italy,2020-12-20,1,386,9,1,1,0,76,7897,11,21,0
Germany,2020-12-18,0,490,8,2,1,0,6,9483,8,0,0
Canada,2021-02-02,0,2067,3,7,1,1,1,37914,3,1,1
Canada,2021-01-21,5,2067,3,1,0,0,2,37914,3,0,0
China,2021-01-11,0,490,8,1,1,1,6,10181,5,0,0
India,2021-01-26,0,2687,2,1,0,1,8,51189,2,0,0
Italy,2020-12-23,2,386,9,1,1,0,78,7897,11,35,2
Canada,2021-01-08,0,2067,3,7,1,1,2,37914,3,2,0
United States,2021-01-21,0,12384,1,7,1,1,5,233503,1,3,0
United States,2021-02-08,0,12384,1,1,1,1,98,233503,1,32,1
India,2020-12-22,3,2687,2,1,1,1,70,51189,2,28,3
Spain,2021-01-12,0,536,6,1,1,0,92,9491,7,23,1
Spain,2020-12-18,0,536,6,1,1,1,7,9491,7,3,0
India,2020-12-14,0,2687,2,3,1,0,1,51189,2,0,0
Canada,2020-12-04,3,2067,3,1,0,1,1,37914,3,0,0
China,2021-01-29,0,490,8,1,1,0,130,10181,5,62,11
China,2021-01-01,1,490,8,1,1,1,4,10181,5,4,0
Canada,2020-12-09,26,2067,3,1,1,0,433,37914,3,165,18
United States,2020-11-27,25,12384,1,1,0,0,22,233503,1,9,0
Canada,2021-01-25,7,2067,3,1,0,0,5,37914,3,0,0
United Kingdom,2020-12-11,0,859,4,7,1,0,5,15748,4,0,0
India,2021-01-20,1,2687,2,1,0,1,5,51189,2,4,0
France,2020-11-14,0,553,5,1,1,0,22,9520,6,8,0
Singapore,2020-11-19,2,375,10,1,1,1,12,8899,10,9,0
Spain,2020-11-09,1,536,6,1,1,0,35,9491,7,11,4
Singapore,2021-02-14,0,375,10,7,1,0,2,8899,10,2,1
Singapore,2020-12-10,3,375,10,1,0,0,1,8899,10,1,0
United Kingdom,2020-11-18,1,859,4,1,0,0,1,15748,4,1,0
United States,2021-01-02,61,12384,1,1,1,0,2499,233503,1,841,81
Taiwan,2021-01-22,0,500,7,1,1,1,7,9189,9,4,0
Canada,2020-12-05,16,2067,3,1,1,0,432,37914,3,165,28
United States,2020-12-30,27,12384,1,1,0,0,24,233503,1,12,0
Canada,2021-01-13,1,2067,3,1,0,1,0,37914,3,0,0
Singapore,2020-12-08,2,375,10,1,0,0,1,8899,10,0,0
India,2020-12-17,25,2687,2,1,1,0,628,51189,2,183,24
United Kingdom,2020-11-10,6,859,4,1,1,0,49,15748,4,14,3
United States,2021-01-23,30,12384,1,1,0,0,18,233503,1,5,1
Spain,2021-01-01,1,536,6,1,1,0,117,9491,7,37,2
France,2021-02-06,0,553,5,1,1,0,87,9520,6,35,6
Germany,2020-11-16,1,490,8,1,1,0,47,9483,8,21,4
United States,2021-01-08,28,12384,1,1,1,1,130,233503,1,69,15
United States,2021-01-12,53,12384,1,1,0,0,31,233503,1,12,0
United States,2021-01-30,0,12384,1,1,1,0,2300,233503,1,790,78
Singapore,2021-01-14,0,375,10,1,1,1,9,8899,10,7,0
Germany,2021-02-24,0,490,8,1,1,0,16,9483,8,0,0
Italy,2020-11-23,1,386,9,1,0,0,0,7897,11,0,0
Taiwan,2020-11-15,3,500,7,1,0,0,2,9189,9,0,0
France,2021-01-10,0,553,5,1,0,1,1,9520,6,0,0
United Kingdom,2020-11-18,1,859,4,1,1,1,5,15748,4,4,0
Singapore,2020-12-03,0,375,10,1,1,1,16,8899,10,9,1
Spain,2020-11-14,1,536,6,1,0,0,2,9491,7,0,0
Canada,2021-01-12,0,2067,3,3,1,0,6,37914,3,6,0
Spain,2020-11-27,0,536,6,1,1,1,9,9491,7,2,0
Germany,2021-01-14,9,490,8,1,1,0,144,9483,8,29,3
Spain,2020-12-27,0,536,6,1,0,0,1,9491,7,1,0
China,2021-01-08,1,490,8,1,0,1,0,10181,5,0,0
China,2020-12-24,1,490,8,1,1,1,6,10181,5,6,0
India,2021-01-03,0,2687,2,7,1,0,7,51189,2,3,0
United States,2021-02-10,0,12384,1,7,1,1,3,233503,1,0,0
Spain,2021-01-09,3,536,6,1,1,0,79,9491,7,28,5
United Kingdom,2021-01-16,0,859,4,1,0,0,2,15748,4,2,0
Spain,2020-12-14,1,536,6,1,0,0,5,9491,7,0,0
United Kingdom,2020-11-12,1,859,4,1,1,0,46,15748,4,17,3
Canada,2021-01-11,0,2067,3,1,0,1,1,37914,3,0,0
Italy,2021-01-30,0,386,9,1,1,1,4,7897,11,0,0
Singapore,2020-11-20,1,375,10,1,1,0,43,8899,10,18,0
Spain,2021-01-07,2,536,6,1,0,0,2,9491,7,0,0
India,2020-11-04,14,2687,2,1,1,0,90,51189,2,38,8
Spain,2020-11-28,3,536,6,1,1,0,124,9491,7,42,2
United States,2021-01-27,1,12384,1,1,0,1,16,233503,1,0,0
United Kingdom,2021-01-29,0,859,4,1,1,0,172,15748,4,58,6
United Kingdom,2021-01-11,0,859,4,1,0,1,7,15748,4,0,0
Italy,2021-02-13,0,386,9,1,1,0,34,7897,11,6,1
Germany,2021-01-16,2,490,8,1,0,0,3,9483,8,1,0
United Kingdom,2020-11-18,1,859,4,7,1,0,3,15748,4,3,0
France,2021-02-16,0,553,5,1,1,0,35,9520,6,17,2
Spain,2020-11-01,1,536,6,1,1,0,2,9491,7,0,0
United Kingdom,2021-01-15,0,859,4,1,0,1,7,15748,4,0,0
Singapore,2020-11-15,1,375,10,1,1,1,8,8899,10,4,0
Italy,2021-01-18,3,386,9,1,1,0,76,7897,11,29,2
Italy,2020-12-04,1,386,9,1,1,1,8,7897,11,6,2
India,2021-01-01,1,2687,2,1,1,1,37,51189,2,5,1
Singapore,2021-01-04,4,375,10,1,1,0,112,8899,10,36,3
Canada,2020-11-14,4,2067,3,1,1,0,163,37914,3,57,10
France,2020-12-30,0,553,5,7,1,1,7,9520,6,0,0
Germany,2020-11-14,1,490,8,1,0,0,2,9483,8,0,0
United States,2020-11-09,0,12384,1,3,1,0,5,233503,1,4,0
Singapore,2020-12-17,1,375,10,1,0,0,0,8899,10,0,0
United Kingdom,2021-01-16,0,859,4,1,1,1,11,15748,4,7,0
Canada,2020-12-26,3,2067,3,1,1,1,26,37914,3,14,2
Germany,2020-12-14,1,490,8,2,1,0,5,9483,8,2,1
United States,2021-01-25,0,12384,1,7,1,0,11,233503,1,9,0
United States,2021-01-24,0,12384,1,3,1,1,4,233503,1,1,0
United States,2021-01-22,0,12384,1,3,1,0,1,233503,1,1,0
Canada,2021-01-06,0,2067,3,7,1,1,2,37914,3,2,0
Germany,2020-11-22,2,490,8,1,1,0,53,9483,8,23,1
Singapore,2020-12-21,3,375,10,1,0,0,0,8899,10,0,0
Singapore,2021-01-20,0,375,10,1,1,1,2,8899,10,0,0
Germany,2021-01-13,3,490,8,1,0,0,1,9483,8,0,0
India,2020-11-27,9,2687,2,1,0,0,10,51189,2,2,0
Canada,2021-01-24,6,2067,3,1,0,0,0,37914,3,0,0
India,2020-12-28,0,2687,2,7,1,0,14,51189,2,5,2
France,2021-02-02,0,553,5,3,1,0,3,9520,6,0,0
Germany,2020-11-17,2,490,8,1,0,0,1,9483,8,0,0
Canada,2021-01-28,0,2067,3,1,1,0,342,37914,3,101,7
Canada,2021-02-07,0,2067,3,1,0,0,6,37914,3,0,0
France,2020-11-20,2,553,5,1,0,0,0,9520,6,0,0
United States,2021-01-26,1,12384,1,7,1,0,9,233503,1,3,1
Spain,2020-11-11,2,536,6,1,1,0,35,9491,7,14,2
France,2021-01-17,1,553,5,1,0,1,1,9520,6,0,0
France,2021-01-15,3,553,5,1,1,0,101,9520,6,36,5
United Kingdom,2021-02-10,0,859,4,1,1,1,5,15748,4,1,0
Spain,2020-11-21,2,536,6,1,0,0,1,9491,7,0,0
China,2020-11-19,0,490,8,1,0,0,1,10181,5,0,0
Spain,2020-12-13,2,536,6,1,1,1,3,9491,7,3,1
Canada,2021-01-20,5,2067,3,1,0,0,2,37914,3,1,0
France,2021-01-29,0,553,5,1,1,0,112,9520,6,36,1
Taiwan,2021-01-19,2,500,7,1,0,0,4,9189,9,0,0
United Kingdom,2020-12-04,6,859,4,1,1,0,148,15748,4,69,17
United Kingdom,2021-02-18,0,859,4,1,1,0,27,15748,4,15,0
Italy,2021-01-24,1,386,9,1,0,0,1,7897,11,0,0
Canada,2021-01-23,0,2067,3,3,1,0,2,37914,3,2,0
Italy,2021-01-09,0,386,9,1,1,1,14,7897,11,2,0
Singapore,2020-11-17,1,375,10,1,1,1,8,8899,10,8,0
Canada,2020-11-15,2,2067,3,1,1,1,6,37914,3,6,0
Singapore,2020-11-16,0,375,10,1,1,1,8,8899,10,3,1
China,2020-11-29,1,490,8,1,0,0,1,10181,5,1,0
France,2020-12-08,2,553,5,1,1,1,16,9520,6,1,0
United Kingdom,2020-12-11,1,859,4,1,1,1,0,15748,4,0,0
India,2021-01-29,0,2687,2,1,1,1,52,51189,2,32,3
India,2020-12-18,18,2687,2,1,1,0,621,51189,2,187,14
India,2021-01-16,2,2687,2,1,0,0,5,51189,2,0,0
United States,2021-01-11,1,12384,1,7,1,1,10,233503,1,8,2
China,2021-01-15,0,490,8,1,1,1,3,10181,5,3,2
China,2020-12-01,2,490,8,1,0,0,2,10181,5,2,0
India,2020-12-13,7,2687,2,1,0,0,5,51189,2,1,0
China,2020-11-26,2,490,8,1,1,0,81,10181,5,32,1
India,2020-11-02,9,2687,2,1,0,0,7,51189,2,0,0
Canada,2021-01-10,2,2067,3,1,0,0,2,37914,3,1,0
Spain,2021-01-25,3,536,6,1,1,0,72,9491,7,25,0
Singapore,2020-11-06,0,375,10,1,1,0,11,8899,10,6,0
United States,2021-01-18,0,12384,1,3,1,0,3,233503,1,3,1
China,2021-01-19,1,490,8,1,0,0,0,10181,5,0,0
China,2021-02-07,0,490,8,1,1,0,72,10181,5,31,5
Canada,2021-02-01,0,2067,3,7,1,1,1,37914,3,1,0
Canada,2021-01-12,0,2067,3,7,1,0,1,37914,3,1,0
United States,2021-02-03,0,12384,1,3,1,0,1,233503,1,1,0
France,2020-11-27,4,553,5,1,1,0,68,9520,6,27,5
China,2021-02-14,0,490,8,1,1,0,22,10181,5,1,0
United Kingdom,2020-11-21,2,859,4,1,1,1,5,15748,4,4,1
United Kingdom,2020-11-22,2,859,4,1,0,0,1,15748,4,0,0
India,2021-01-11,7,2687,2,1,1,1,51,51189,2,32,2
Singapore,2020-11-11,1,375,10,1,1,1,4,8899,10,4,0
Spain,2021-01-29,0,536,6,1,1,1,7,9491,7,2,0
Spain,2020-12-20,5,536,6,1,1,0,118,9491,7,34,3
France,2020-12-25,0,553,5,7,1,1,7,9520,6,1,0
Italy,2020-11-27,0,386,9,1,1,1,10,7897,11,5,1
Spain,2020-11-06,5,536,6,1,1,0,32,9491,7,10,5
United Kingdom,2021-01-21,1,859,4,1,0,0,4,15748,4,0,0
Canada,2021-02-04,0,2067,3,1,0,0,5,37914,3,0,0
India,2020-12-02,3,2687,2,1,1,1,32,51189,2,15,1
Canada,2020-11-11,14,2067,3,1,0,0,4,37914,3,0,0
Singapore,2021-01-08,0,375,10,1,1,1,11,8899,10,4,0
India,2020-11-29,14,2687,2,1,1,0,448,51189,2,141,20
India,2021-01-27,0,2687,2,3,1,0,2,51189,2,2,0
Singapore,2021-01-30,0,375,10,2,1,0,3,8899,10,2,1
United States,2020-11-11,0,12384,1,2,1,0,2,233503,1,2,0
Taiwan,2021-02-16,0,500,7,1,1,0,54,9189,9,22,0
France,2021-01-16,2,553,5,1,1,0,107,9520,6,33,3
United States,2020-11-12,18,12384,1,1,1,1,98,233503,1,53,7
China,2020-12-08,6,490,8,1,1,0,92,10181,5,50,5
United Kingdom,2020-12-25,2,859,4,1,1,1,16,15748,4,12,2
Taiwan,2020-11-27,2,500,7,1,1,0,94,9189,9,32,2
United States,2020-12-31,1,12384,1,7,1,0,22,233503,1,4,4
Canada,2020-12-05,6,2067,3,1,0,0,6,37914,3,3,0
Taiwan,2020-12-27,3,500,7,1,0,0,2,9189,9,2,0
Italy,2021-01-11,0,386,9,1,1,1,6,7897,11,0,0
Italy,2021-01-28,0,386,9,3,1,0,7,7897,11,6,0
United States,2021-01-07,0,12384,1,7,1,1,11,233503,1,11,1
Italy,2020-11-14,0,386,9,7,1,1,6,7897,11,0,0
China,2020-11-16,1,490,8,1,0,0,1,10181,5,0,0
India,2020-12-04,0,2687,2,1,0,1,1,51189,2,0,0
China,2021-01-14,2,490,8,1,1,1,6,10181,5,3,0
Germany,2021-01-29,0,490,8,1,1,0,74,9483,8,23,4
Taiwan,2021-01-08,4,500,7,1,1,0,122,9189,9,36,3
Taiwan,2021-01-22,4,500,7,1,1,0,95,9189,9,20,2
Canada,2020-11-18,5,2067,3,1,0,0,2,37914,3,0,0
China,2021-02-01,0,490,8,1,1,0,89,10181,5,38,1
United States,2021-02-12,0,12384,1,1,1,1,66,233503,1,29,1
Italy,2020-11-28,2,386,9,1,1,1,10,7897,11,5,1
United States,2020-11-14,0,12384,1,3,1,0,4,233503,1,4,3
Taiwan,2020-12-14,4,500,7,1,0,0,2,9189,9,2,0
China,2020-11-29,1,490,8,1,1,1,11,10181,5,1,0
United Kingdom,2021-01-23,7,859,4,1,1,0,167,15748,4,29,4
United States,2020-11-08,10,12384,1,1,1,1,61,233503,1,37,4
United States,2021-01-06,116,12384,1,1,1,0,2516,233503,1,843,103
Canada,2020-11-18,2,2067,3,1,1,1,3,37914,3,0,0
China,2021-01-15,7,490,8,1,1,0,112,10181,5,47,5
Italy,2020-11-22,0,386,9,1,1,1,3,7897,11,0,0
Italy,2020-11-01,1,386,9,1,1,1,0,7897,11,0,0
Canada,2021-02-13,0,2067,3,1,1,1,4,37914,3,3,0
Taiwan,2020-12-10,1,500,7,7,1,1,0,9189,9,0,0
United States,2021-01-03,0,12384,1,7,1,0,17,233503,1,5,4
China,2021-02-08,0,490,8,1,1,1,3,10181,5,1,0
India,2020-11-20,3,2687,2,1,0,1,0,51189,2,0,0
Germany,2020-11-17,5,490,8,1,1,0,48,9483,8,18,2
France,2021-02-12,0,553,5,1,1,0,36,9520,6,16,4
Italy,2020-12-24,2,386,9,1,0,0,1,7897,11,0,0
United States,2020-12-02,6,12384,1,1,0,1,8,233503,1,3,3
Singapore,2021-01-11,1,375,10,7,1,0,0,8899,10,0,0
United Kingdom,2020-12-12,0,859,4,7,1,0,5,15748,4,1,1
Singapore,2020-11-04,2,375,10,1,1,0,6,8899,10,0,0
Singapore,2021-01-28,0,375,10,1,1,0,92,8899,10,20,0
Canada,2021-02-18,0,2067,3,1,1,0,150,37914,3,36,5
United Kingdom,2021-01-09,0,859,4,1,1,1,7,15748,4,0,0
United States,2020-12-02,2,12384,1,7,1,1,8,233503,1,8,0
United States,2020-11-23,21,12384,1,1,1,1,170,233503,1,90,15
Canada,2021-01-19,7,2067,3,1,0,0,5,37914,3,1,0
United States,2021-01-29,0,12384,1,1,0,0,12,233503,1,4,0
Spain,2021-02-09,0,536,6,1,1,1,6,9491,7,0,0
Singapore,2020-12-06,2,375,10,1,0,0,0,8899,10,0,0
United Kingdom,2020-11-23,3,859,4,1,1,0,113,15748,4,30,3
Singapore,2020-12-21,0,375,10,1,1,1,3,8899,10,3,0
Canada,2021-01-31,0,2067,3,7,1,1,1,37914,3,0,0
Germany,2020-11-22,1,490,8,1,0,0,0,9483,8,0,0
Italy,2020-12-07,2,386,9,1,1,1,6,7897,11,4,2
United Kingdom,2020-11-06,5,859,4,1,1,0,36,15748,4,15,5
United Kingdom,2021-01-16,5,859,4,1,1,0,139,15748,4,24,7
Germany,2021-01-14,0,490,8,7,1,1,3,9483,8,0,0
Taiwan,2020-12-11,0,500,7,7,1,0,2,9189,9,0,0
Canada,2021-02-15,0,2067,3,7,1,0,5,37914,3,0,0
Singapore,2020-12-03,1,375,10,1,0,0,0,8899,10,0,0
Taiwan,2020-11-11,3,500,7,1,1,0,26,9189,9,11,0
Taiwan,2020-11-07,0,500,7,1,1,1,6,9189,9,4,0
United States,2021-01-27,0,12384,1,3,1,0,3,233503,1,3,1
Singapore,2020-11-29,2,375,10,1,1,0,57,8899,10,8,1
Spain,2020-12-04,1,536,6,1,1,1,8,9491,7,2,0
Spain,2020-12-13,3,536,6,1,0,0,6,9491,7,0,0
Canada,2021-02-06,0,2067,3,1,1,1,7,37914,3,4,0
India,2020-11-25,15,2687,2,1,0,0,11,51189,2,8,0
Canada,2021-01-10,0,2067,3,3,1,0,5,37914,3,5,0
Germany,2021-01-25,1,490,8,1,0,1,1,9483,8,0,0
Taiwan,2021-01-17,1,500,7,1,1,1,12,9189,9,6,0
Canada,2021-01-06,0,2067,3,3,1,0,12,37914,3,7,0
France,2021-01-25,0,553,5,3,1,0,2,9520,6,0,0
India,2021-01-17,14,2687,2,1,1,0,468,51189,2,191,27
India,2021-02-22,0,2687,2,1,1,0,56,51189,2,11,1
Taiwan,2020-12-30,0,500,7,1,1,1,11,9189,9,7,0
China,2021-02-12,0,490,8,1,1,1,3,10181,5,3,0
India,2021-01-19,13,2687,2,1,1,0,437,51189,2,174,17
France,2021-01-08,0,553,5,1,1,1,13,9520,6,12,1
Singapore,2020-11-22,1,375,10,1,0,0,2,8899,10,2,0
India,2021-01-11,0,2687,2,7,1,0,3,51189,2,1,0
Canada,2020-12-26,0,2067,3,3,1,0,12,37914,3,9,0
Italy,2021-02-03,0,386,9,7,1,1,5,7897,11,0,0
United Kingdom,2020-11-26,0,859,4,1,1,1,3,15748,4,1,0
United States,2021-01-20,0,12384,1,3,1,0,1,233503,1,1,0
India,2020-11-16,13,2687,2,1,1,0,277,51189,2,97,22
China,2020-11-27,1,490,8,1,1,0,72,10181,5,30,3
China,2021-01-02,0,490,8,1,1,1,2,10181,5,2,0
Italy,2021-01-26,2,386,9,1,0,0,2,7897,11,0,0
China,2020-12-09,4,490,8,1,1,0,100,10181,5,46,10
Taiwan,2020-11-21,0,500,7,1,0,0,1,9189,9,1,0
United States,2021-01-15,27,12384,1,1,1,1,189,233503,1,101,13
China,2020-12-09,2,490,8,1,1,1,17,10181,5,8,0
China,2021-01-07,0,490,8,1,0,0,1,10181,5,0,0
United Kingdom,2020-12-02,0,859,4,7,1,0,3,15748,4,3,2
France,2020-11-01,4,553,5,1,1,0,0,9520,6,0,0
United Kingdom,2021-01-13,0,859,4,7,1,0,7,15748,4,0,0
India,2020-12-26,14,2687,2,1,1,0,583,51189,2,186,20
China,2020-12-09,0,490,8,7,1,1,6,10181,5,6,0
United States,2020-12-03,43,12384,1,1,0,0,31,233503,1,4,0
Taiwan,2021-01-07,1,500,7,1,1,1,8,9189,9,7,0
United States,2020-11-08,0,12384,1,3,1,0,3,233503,1,3,1
India,2020-11-18,7,2687,2,1,0,0,4,51189,2,0,0
Italy,2020-12-21,4,386,9,1,1,0,75,7897,11,28,4
Canada,2020-12-20,0,2067,3,1,0,1,1,37914,3,0,0
France,2021-01-27,0,553,5,7,1,0,3,9520,6,1,0
United States,2021-01-17,21,12384,1,1,0,0,17,233503,1,4,0
Italy,2021-02-02,0,386,9,1,1,0,72,7897,11,22,1
United States,2021-02-22,0,12384,1,7,1,0,6,233503,1,4,1
China,2020-11-25,2,490,8,1,0,0,0,10181,5,0,0
China,2020-11-16,0,490,8,1,1,0,43,10181,5,30,3
China,2021-01-05,1,490,8,1,0,1,1,10181,5,0,0
India,2020-12-31,0,2687,2,7,1,0,7,51189,2,0,0
France,2020-11-16,0,553,5,7,1,1,1,9520,6,1,0
India,2020-12-09,0,2687,2,7,1,0,2,51189,2,2,2
United States,2020-12-15,56,12384,1,1,0,0,37,233503,1,10,0
United States,2020-12-27,18,12384,1,1,1,1,197,233503,1,106,16
United States,2020-12-23,0,12384,1,3,1,0,14,233503,1,5,0
Taiwan,2020-12-22,1,500,7,1,1,1,0,9189,9,0,0
India,2020-12-13,4,2687,2,1,1,1,48,51189,2,30,3
Germany,2020-11-24,3,490,8,1,1,0,47,9483,8,25,4
Germany,2021-01-21,0,490,8,7,1,1,3,9483,8,0,0
India,2021-01-08,0,2687,2,7,1,0,3,51189,2,1,0
France,2020-12-26,0,553,5,7,1,1,7,9520,6,1,1
Singapore,2021-01-21,1,375,10,1,1,1,2,8899,10,0,0
Spain,2021-01-23,1,536,6,1,1,1,14,9491,7,8,1
France,2020-11-15,0,553,5,7,1,1,1,9520,6,1,0
Germany,2020-11-28,2,490,8,1,0,0,0,9483,8,0,0
United States,2020-11-15,18,12384,1,1,0,0,9,233503,1,4,0
India,2021-01-31,0,2687,2,1,0,1,3,51189,2,0,0
United States,2021-01-28,0,12384,1,1,0,0,8,233503,1,1,0
France,2021-01-05,6,553,5,1,1,0,98,9520,6,39,1
Italy,2020-12-19,0,386,9,1,1,0,71,7897,11,23,1
Germany,2020-12-29,0,490,8,2,1,0,5,9483,8,0,0
Singapore,2020-11-20,0,375,10,1,1,1,12,8899,10,9,0
China,2021-01-12,4,490,8,1,1,0,119,10181,5,44,12
United States,2020-12-10,45,12384,1,1,0,0,19,233503,1,4,0
India,2020-12-19,13,2687,2,1,1,0,636,51189,2,190,13
India,2021-02-21,0,2687,2,7,1,0,1,51189,2,0,0
India,2021-01-10,4,2687,2,1,1,1,48,51189,2,30,5
Germany,2020-12-11,6,490,8,1,1,0,125,9483,8,42,3
Germany,2020-12-29,1,490,8,1,0,0,0,9483,8,0,0
Canada,2020-12-15,6,2067,3,1,1,1,57,37914,3,37,5
Singapore,2020-12-09,2,375,10,1,1,1,14,8899,10,1,1
Spain,2021-01-24,2,536,6,1,0,0,1,9491,7,1,0
Italy,2020-11-12,1,386,9,1,0,1,0,7897,11,0,0
Spain,2021-01-24,1,536,6,1,1,1,11,9491,7,7,0
France,2020-11-29,2,553,5,1,0,0,0,9520,6,0,0
Italy,2020-12-20,1,386,9,1,1,1,24,7897,11,7,1
France,2021-01-08,3,553,5,1,1,0,104,9520,6,45,6
Spain,2021-02-20,0,536,6,1,1,0,7,9491,7,3,0
United States,2021-01-08,98,12384,1,1,1,0,2504,233503,1,893,96
United States,2021-01-27,1,12384,1,7,1,1,5,233503,1,1,0
Canada,2020-11-21,5,2067,3,1,0,0,5,37914,3,2,0
Germany,2020-11-20,3,490,8,1,1,0,69,9483,8,23,2
Spain,2020-12-11,3,536,6,1,0,0,3,9491,7,0,0
China,2021-02-03,0,490,8,1,1,0,99,10181,5,19,1
Singapore,2021-02-01,0,375,10,1,1,1,12,8899,10,12,0
United States,2020-11-20,0,12384,1,7,1,1,9,233503,1,9,1
Singapore,2020-11-04,1,375,10,1,0,0,2,8899,10,2,0
Taiwan,2020-12-03,3,500,7,1,1,0,82,9189,9,14,3
India,2020-12-17,0,2687,2,7,1,0,10,51189,2,7,0
India,2020-12-04,12,2687,2,1,0,0,4,51189,2,3,0
India,2020-11-13,2,2687,2,1,1,1,13,51189,2,9,0
United States,2021-02-22,0,12384,1,1,1,1,16,233503,1,10,0
France,2020-12-16,6,553,5,1,1,0,81,9520,6,25,4
France,2020-12-21,1,553,5,1,1,1,11,9520,6,4,0
Singapore,2020-11-06,1,375,10,1,0,0,2,8899,10,2,0
Canada,2020-12-19,0,2067,3,3,1,0,5,37914,3,5,0
China,2021-01-13,1,490,8,1,1,0,127,10181,5,46,8
United States,2021-01-22,0,12384,1,7,1,0,23,233503,1,8,1
Italy,2020-12-29,0,386,9,1,1,1,20,7897,11,5,1
Canada,2021-01-16,0,2067,3,3,1,0,3,37914,3,3,1
Germany,2020-11-26,0,490,8,1,1,1,3,9483,8,2,1
India,2021-02-05,0,2687,2,1,1,0,298,51189,2,90,8
Italy,2020-11-13,2,386,9,1,1,0,30,7897,11,19,3
Germany,2020-11-09,4,490,8,1,1,0,21,9483,8,16,2
United States,2021-01-11,5,12384,1,1,0,1,7,233503,1,4,0
United Kingdom,2021-02-24,0,859,4,1,1,0,13,15748,4,4,1
Taiwan,2020-12-19,0,500,7,1,1,1,4,9189,9,3,2
France,2020-11-25,5,553,5,1,1,0,62,9520,6,21,3
India,2021-02-24,0,2687,2,1,1,0,29,51189,2,1,0
Taiwan,2021-02-09,0,500,7,1,1,0,31,9189,9,18,0
Canada,2020-11-02,9,2067,3,1,1,0,10,37914,3,4,2
United States,2021-01-19,1,12384,1,1,0,1,15,233503,1,1,1
India,2020-12-30,5,2687,2,1,1,1,46,51189,2,12,1
Canada,2021-01-13,10,2067,3,1,1,0,307,37914,3,107,6
United Kingdom,2021-01-22,6,859,4,1,0,0,1,15748,4,1,0
Taiwan,2021-01-20,6,500,7,1,1,0,88,9189,9,11,2
Canada,2021-01-05,12,2067,3,1,1,0,356,37914,3,118,14
Italy,2020-12-02,1,386,9,1,1,1,4,7897,11,2,0
Canada,2020-12-29,0,2067,3,7,1,0,5,37914,3,0,0
India,2020-11-24,6,2687,2,1,1,1,34,51189,2,25,3
India,2021-01-23,0,2687,2,7,1,0,5,51189,2,1,0
Taiwan,2020-12-01,5,500,7,1,1,0,89,9189,9,30,3
China,2021-01-05,3,490,8,1,0,0,2,10181,5,0,0
Germany,2021-02-18,0,490,8,1,1,0,50,9483,8,20,3
United States,2020-12-13,0,12384,1,3,1,0,15,233503,1,10,3
United States,2021-02-01,0,12384,1,1,0,1,6,233503,1,3,0
United States,2020-11-27,0,12384,1,3,1,0,7,233503,1,7,2
Singapore,2020-12-20,1,375,10,1,1,1,1,8899,10,0,0
United States,2021-02-14,0,12384,1,7,1,0,7,233503,1,6,2
Spain,2021-02-06,0,536,6,7,1,1,7,9491,7,7,0
Italy,2020-12-16,7,386,9,1,1,0,68,7897,11,28,4
United States,2020-11-17,1,12384,1,7,0,0,0,233503,1,0,0
United Kingdom,2021-01-17,0,859,4,7,1,0,5,15748,4,2,0
Spain,2021-01-13,0,536,6,1,1,1,16,9491,7,7,1
Canada,2021-01-03,3,2067,3,1,1,1,41,37914,3,25,2
Italy,2021-01-29,0,386,9,1,1,1,4,7897,11,0,0
India,2020-11-09,5,2687,2,1,0,0,5,51189,2,0,0
Spain,2020-12-29,1,536,6,1,1,0,110,9491,7,35,1
Canada,2021-02-01,0,2067,3,1,1,1,9,37914,3,6,3
United States,2021-01-19,39,12384,1,1,0,0,21,233503,1,5,0
Germany,2021-01-12,2,490,8,1,0,0,1,9483,8,1,0
Italy,2020-11-13,1,386,9,1,0,0,2,7897,11,0,0
United States,2020-12-09,0,12384,1,3,1,0,11,233503,1,7,1
India,2020-12-18,0,2687,2,7,1,0,10,51189,2,10,2
Taiwan,2020-12-10,4,500,7,1,0,0,2,9189,9,0,0
Italy,2020-12-04,3,386,9,1,0,1,0,7897,11,0,0
India,2021-01-07,5,2687,2,1,0,0,6,51189,2,4,0
Germany,2020-12-26,2,490,8,1,1,0,94,9483,8,30,1
Singapore,2020-12-14,3,375,10,1,1,1,6,8899,10,4,1
United States,2020-11-19,75,12384,1,1,1,0,1381,233503,1,534,66
Spain,2021-01-28,0,536,6,1,0,0,1,9491,7,1,0
China,2020-12-14,6,490,8,1,1,0,117,10181,5,50,9
United States,2021-01-23,0,12384,1,3,1,1,3,233503,1,0,0
Germany,2020-12-27,0,490,8,1,1,1,6,9483,8,4,0
Italy,2021-01-27,0,386,9,7,1,1,5,7897,11,1,1
Germany,2021-01-06,0,490,8,1,1,1,3,9483,8,1,0
Canada,2021-01-21,0,2067,3,7,1,0,1,37914,3,0,0
United States,2020-11-17,34,12384,1,1,0,0,19,233503,1,6,0
United States,2020-12-07,2,12384,1,7,1,0,15,233503,1,9,5
Canada,2020-12-28,2,2067,3,1,1,1,32,37914,3,16,1
United Kingdom,2021-01-15,5,859,4,1,1,0,168,15748,4,44,7
United States,2021-01-22,35,12384,1,1,0,0,17,233503,1,2,0
Singapore,2021-01-13,0,375,10,1,1,0,124,8899,10,47,2
Taiwan,2020-12-23,1,500,7,1,1,1,0,9189,9,0,0
Spain,2020-12-04,3,536,6,1,0,0,1,9491,7,0,0
United States,2021-01-01,2,12384,1,1,0,1,1,233503,1,0,0
India,2020-12-14,8,2687,2,1,1,1,53,51189,2,27,1
Spain,2020-12-20,2,536,6,1,0,0,3,9491,7,0,0
France,2020-11-13,0,553,5,7,1,1,1,9520,6,1,0
Germany,2021-01-06,0,490,8,2,1,0,4,9483,8,4,0
Germany,2020-12-27,0,490,8,2,1,0,5,9483,8,0,0
Canada,2020-12-27,3,2067,3,1,0,0,3,37914,3,1,0
Spain,2020-11-18,0,536,6,1,0,0,1,9491,7,0,0
Canada,2021-01-20,0,2067,3,3,1,0,3,37914,3,3,2
Canada,2021-02-22,0,2067,3,1,1,0,50,37914,3,1,0
Canada,2020-12-25,6,2067,3,1,0,0,5,37914,3,0,0
India,2021-01-01,0,2687,2,7,1,0,7,51189,2,3,2
France,2020-12-01,1,553,5,1,0,0,0,9520,6,0,0
Italy,2021-01-10,1,386,9,1,0,0,0,7897,11,0,0
Taiwan,2021-02-12,0,500,7,1,1,0,43,9189,9,19,4
France,2020-12-20,0,553,5,1,1,1,11,9520,6,4,0
France,2021-01-17,1,553,5,1,1,0,118,9520,6,44,2
India,2021-01-13,1,2687,2,7,1,0,6,51189,2,3,0
United States,2021-01-13,28,12384,1,1,1,1,191,233503,1,117,15
India,2021-02-07,0,2687,2,1,1,0,279,51189,2,74,6
China,2021-01-23,0,490,8,1,1,1,6,10181,5,3,0
Canada,2021-01-19,0,2067,3,7,1,1,2,37914,3,2,0
United States,2020-12-04,0,12384,1,7,1,0,14,233503,1,6,4
Germany,2021-01-27,0,490,8,7,1,1,3,9483,8,0,0
United States,2021-01-11,19,12384,1,1,1,1,154,233503,1,81,8
United States,2020-11-23,1,12384,1,3,1,1,5,233503,1,0,0
Singapore,2020-12-01,2,375,10,1,0,0,0,8899,10,0,0
Canada,2021-01-20,1,2067,3,7,1,0,1,37914,3,0,0
Taiwan,2020-12-13,3,500,7,1,1,0,91,9189,9,29,3
France,2021-01-09,3,553,5,1,0,0,2,9520,6,0,0
Taiwan,2020-11-09,1,500,7,1,0,0,1,9189,9,0,0
United States,2020-12-08,0,12384,1,3,1,0,10,233503,1,9,2
China,2020-11-28,0,490,8,1,1,0,77,10181,5,26,1
United Kingdom,2020-12-12,3,859,4,1,1,0,193,15748,4,66,9
United States,2020-11-25,2,12384,1,1,0,1,8,233503,1,1,0
France,2021-01-11,3,553,5,1,0,0,1,9520,6,0,0
United Kingdom,2020-11-27,9,859,4,1,1,0,123,15748,4,40,12
United States,2021-01-12,0,12384,1,3,1,0,3,233503,1,3,2
Spain,2020-12-19,1,536,6,1,1,1,7,9491,7,0,0
India,2021-02-01,0,2687,2,1,0,1,3,51189,2,0,0
United States,2020-11-25,111,12384,1,1,1,0,1785,233503,1,591,64
China,2020-12-11,0,490,8,7,1,1,4,10181,5,4,1
Spain,2021-02-03,0,536,6,1,1,1,7,9491,7,2,0
United States,2020-12-12,46,12384,1,1,0,0,41,233503,1,20,0
Spain,2020-12-01,1,536,6,1,0,0,0,9491,7,0,0
Germany,2020-12-09,7,490,8,1,1,0,94,9483,8,35,3
Spain,2021-01-30,0,536,6,1,1,1,3,9491,7,2,0
United Kingdom,2021-01-01,2,859,4,1,1,0,143,15748,4,35,7
Italy,2020-11-26,2,386,9,1,0,0,0,7897,11,0,0
United Kingdom,2021-02-06,0,859,4,1,1,0,126,15748,4,62,2
United Kingdom,2021-01-29,0,859,4,1,0,0,1,15748,4,1,0
Canada,2021-01-24,7,2067,3,1,1,0,309,37914,3,103,14
Singapore,2020-11-20,3,375,10,1,0,0,4,8899,10,2,0
Spain,2021-01-28,0,536,6,1,1,1,7,9491,7,0,0
United States,2020-12-26,17,12384,1,1,1,1,223,233503,1,114,5
United States,2021-02-13,0,12384,1,7,1,1,5,233503,1,5,1
Singapore,2020-12-05,0,375,10,1,0,0,1,8899,10,0,0
United Kingdom,2020-12-27,0,859,4,1,1,1,10,15748,4,7,0
United States,2021-01-13,1,12384,1,2,1,0,1,233503,1,1,1
United States,2021-02-07,0,12384,1,3,1,0,1,233503,1,0,0
Spain,2021-01-15,5,536,6,1,1,0,77,9491,7,22,3
United States,2020-12-31,15,12384,1,1,1,1,150,233503,1,89,10
Taiwan,2021-02-06,0,500,7,1,1,0,44,9189,9,18,1
United Kingdom,2020-12-28,1,859,4,3,1,1,0,15748,4,0,0
Taiwan,2020-12-20,5,500,7,1,1,0,108,9189,9,33,1
Singapore,2020-11-07,3,375,10,1,1,0,12,8899,10,4,0
Taiwan,2020-11-30,1,500,7,7,1,1,0,9189,9,0,0
Taiwan,2020-12-26,1,500,7,1,0,0,0,9189,9,0,0
France,2021-01-14,3,553,5,1,1,0,91,9520,6,26,4
France,2020-11-19,1,553,5,1,0,0,0,9520,6,0,0
Canada,2021-01-14,0,2067,3,3,1,0,6,37914,3,5,0
France,2021-01-03,5,553,5,1,1,0,93,9520,6,38,3
United Kingdom,2021-01-15,3,859,4,1,0,0,3,15748,4,3,0
Singapore,2021-01-09,1,375,10,1,1,0,125,8899,10,39,7
Italy,2021-01-25,1,386,9,1,1,0,67,7897,11,28,1
Taiwan,2020-12-15,12,500,7,1,1,0,90,9189,9,25,3
United States,2021-01-08,2,12384,1,1,0,1,3,233503,1,2,0
Canada,2020-12-24,0,2067,3,3,1,0,13,37914,3,12,3
Taiwan,2020-12-28,3,500,7,1,1,1,10,9189,9,7,1
Canada,2020-12-28,0,2067,3,1,0,1,1,37914,3,0,0
France,2021-02-24,0,553,5,1,1,0,7,9520,6,5,1
China,2020-12-25,0,490,8,7,1,1,3,10181,5,2,0
India,2021-01-31,0,2687,2,7,1,0,2,51189,2,0,0
India,2021-02-18,0,2687,2,1,1,1,13,51189,2,7,0
China,2020-11-21,4,490,8,1,1,0,57,10181,5,29,1
United Kingdom,2021-02-19,0,859,4,1,1,0,20,15748,4,12,0
China,2020-11-15,2,490,8,1,1,0,36,10181,5,22,2
India,2020-12-20,14,2687,2,1,1,0,630,51189,2,196,22
India,2021-02-03,0,2687,2,3,1,0,1,51189,2,1,0
United States,2021-01-14,1,12384,1,2,1,1,0,233503,1,0,0
France,2020-12-27,5,553,5,1,1,0,113,9520,6,45,11
Spain,2021-01-21,2,536,6,1,1,1,16,9491,7,15,0
Singapore,2021-01-14,2,375,10,1,1,0,103,8899,10,36,3
India,2020-11-29,0,2687,2,7,1,1,7,51189,2,0,0
India,2020-11-26,13,2687,2,1,0,0,10,51189,2,3,0
India,2020-11-05,9,2687,2,1,0,0,3,51189,2,0,0
United States,2020-11-19,39,12384,1,1,0,0,21,233503,1,5,0
Canada,2020-12-30,0,2067,3,7,1,1,2,37914,3,2,0
India,2021-01-08,23,2687,2,1,1,0,539,51189,2,204,26
France,2020-12-26,0,553,5,1,1,1,26,9520,6,20,0
Singapore,2021-02-12,0,375,10,1,1,0,45,8899,10,24,0
India,2020-12-15,4,2687,2,1,0,1,3,51189,2,1,0
Italy,2021-02-06,0,386,9,3,1,0,2,7897,11,2,1
India,2020-11-07,0,2687,2,7,1,0,2,51189,2,0,0
France,2021-02-21,0,553,5,1,1,0,16,9520,6,14,1
China,2020-11-23,4,490,8,1,1,0,61,10181,5,33,0
India,2020-12-06,0,2687,2,3,1,0,4,51189,2,3,2
China,2020-12-15,3,490,8,1,1,0,124,10181,5,45,3
United Kingdom,2021-01-01,2,859,4,1,0,0,1,15748,4,0,0
United Kingdom,2021-01-15,0,859,4,7,1,0,7,15748,4,5,0
Taiwan,2020-12-26,0,500,7,1,1,1,5,9189,9,5,0
Germany,2020-11-21,1,490,8,1,0,0,0,9483,8,0,0
United States,2021-01-18,37,12384,1,1,0,0,27,233503,1,5,0
France,2021-02-05,0,553,5,3,1,0,3,9520,6,0,0
United States,2020-12-17,37,12384,1,1,1,1,269,233503,1,160,18
Spain,2020-11-13,2,536,6,1,1,0,37,9491,7,12,1
United Kingdom,2021-01-28,0,859,4,7,1,0,6,15748,4,5,0
United Kingdom,2021-02-09,0,859,4,1,1,0,117,15748,4,37,2
Italy,2021-02-05,0,386,9,3,1,0,6,7897,11,1,0
India,2020-12-11,5,2687,2,1,1,1,47,51189,2,25,5
United States,2021-02-09,0,12384,1,1,1,0,1348,233503,1,467,43
Germany,2020-12-24,2,490,8,1,0,0,0,9483,8,0,0
United Kingdom,2020-11-20,0,859,4,1,1,1,5,15748,4,2,0
Germany,2021-02-07,0,490,8,1,1,0,48,9483,8,11,1
United States,2020-12-25,0,12384,1,7,1,0,18,233503,1,6,1
Spain,2021-01-05,4,536,6,1,1,0,121,9491,7,37,1
France,2020-11-05,1,553,5,1,1,1,0,9520,6,0,0
India,2020-11-23,19,2687,2,1,1,0,387,51189,2,132,17
Spain,2020-12-08,6,536,6,1,0,0,4,9491,7,0,0
Singapore,2020-11-12,1,375,10,1,1,0,39,8899,10,22,0
France,2021-01-23,0,553,5,3,1,0,3,9520,6,0,0
Singapore,2021-02-02,0,375,10,1,1,0,88,8899,10,13,0
United States,2021-01-17,14,12384,1,1,1,1,175,233503,1,100,17
Canada,2021-01-27,1,2067,3,7,1,1,0,37914,3,0,0
Germany,2021-01-10,1,490,8,1,1,1,5,9483,8,5,0
Spain,2020-11-14,6,536,6,1,1,0,48,9491,7,16,1
Taiwan,2020-11-14,0,500,7,1,1,0,32,9189,9,9,0
United Kingdom,2020-12-07,15,859,4,1,1,0,196,15748,4,67,17
United States,2020-12-10,0,12384,1,7,1,0,19,233503,1,13,3
Canada,2020-12-03,4,2067,3,1,1,1,45,37914,3,26,4
France,2020-11-13,1,553,5,1,1,0,22,9520,6,8,0
Canada,2021-02-21,0,2067,3,1,1,0,76,37914,3,22,1
China,2020-12-24,5,490,8,1,1,0,108,10181,5,24,3
United Kingdom,2020-11-26,7,859,4,1,0,0,0,15748,4,0,0
Germany,2020-11-23,4,490,8,1,0,0,2,9483,8,1,0
Taiwan,2020-12-04,1,500,7,1,0,1,0,9189,9,0,0
Canada,2021-01-23,1,2067,3,1,0,0,0,37914,3,0,0
Canada,2020-12-29,0,2067,3,7,1,1,4,37914,3,4,0
China,2020-12-31,4,490,8,1,1,0,96,10181,5,38,8
China,2020-11-12,1,490,8,1,1,1,9,10181,5,9,0
Italy,2021-02-09,0,386,9,7,1,1,5,7897,11,0,0
Taiwan,2020-11-24,4,500,7,1,0,0,0,9189,9,0,0
Spain,2021-01-25,1,536,6,1,1,1,4,9491,7,0,0
United Kingdom,2021-01-13,4,859,4,1,0,0,2,15748,4,1,0
France,2020-12-04,2,553,5,1,1,1,5,9520,6,0,0
China,2020-12-30,3,490,8,1,1,0,96,10181,5,48,6
Spain,2021-01-07,3,536,6,1,1,1,13,9491,7,3,1
India,2020-12-07,32,2687,2,1,1,0,519,51189,2,180,16
United Kingdom,2020-11-19,3,859,4,1,0,0,3,15748,4,0,0
United States,2020-12-09,33,12384,1,1,1,1,253,233503,1,163,30
United Kingdom,2021-01-13,2,859,4,1,1,1,7,15748,4,3,2
Canada,2020-12-07,1,2067,3,1,0,1,1,37914,3,0,0
Spain,2020-12-30,4,536,6,1,1,0,121,9491,7,35,1
Singapore,2021-01-26,0,375,10,2,1,0,3,8899,10,2,0
Singapore,2020-12-02,0,375,10,1,1,1,16,8899,10,10,1
United States,2020-12-12,22,12384,1,1,1,1,241,233503,1,127,17
Spain,2021-01-03,2,536,6,1,0,0,0,9491,7,0,0
India,2020-12-16,0,2687,2,7,1,0,11,51189,2,11,6
United States,2021-01-02,1,12384,1,1,0,1,0,233503,1,0,0
United States,2021-01-17,0,12384,1,7,1,0,15,233503,1,6,0
Spain,2021-01-22,4,536,6,1,1,0,76,9491,7,13,5
Singapore,2021-01-07,1,375,10,1,1,1,11,8899,10,6,2
Italy,2020-12-26,0,386,9,1,1,1,26,7897,11,4,0
Germany,2021-01-29,0,490,8,7,1,1,3,9483,8,3,0
Canada,2020-12-30,6,2067,3,1,0,0,7,37914,3,1,0
Italy,2021-02-13,0,386,9,3,1,0,6,7897,11,6,1
Canada,2020-12-30,7,2067,3,1,1,1,40,37914,3,24,2
Singapore,2020-12-04,1,375,10,1,1,1,13,8899,10,2,1
United States,2020-11-16,0,12384,1,7,1,0,12,233503,1,8,0
India,2020-11-10,12,2687,2,1,1,0,189,51189,2,84,19
China,2020-12-17,4,490,8,1,1,0,143,10181,5,48,7
China,2021-02-09,0,490,8,1,1,0,62,10181,5,22,1
Germany,2021-01-10,0,490,8,2,1,0,4,9483,8,0,0
Taiwan,2021-01-23,3,500,7,1,0,0,0,9189,9,0,0
Canada,2021-02-03,0,2067,3,1,1,0,258,37914,3,67,4
India,2021-01-26,22,2687,2,1,1,0,472,51189,2,179,20
India,2021-01-25,0,2687,2,7,1,0,1,51189,2,0,0
United Kingdom,2020-11-25,7,859,4,1,1,0,109,15748,4,38,4
United States,2021-01-14,113,12384,1,1,1,0,2302,233503,1,792,98
United States,2021-01-12,0,12384,1,7,1,0,26,233503,1,14,0
Taiwan,2020-12-11,3,500,7,1,1,0,116,9189,9,45,4
Italy,2021-02-15,0,386,9,3,1,0,5,7897,11,5,0
Taiwan,2020-12-17,1,500,7,1,0,1,2,9189,9,0,0
Germany,2020-12-21,0,490,8,2,1,0,4,9483,8,4,0
United States,2020-12-19,0,12384,1,7,1,1,8,233503,1,1,1
Singapore,2020-11-14,1,375,10,1,1,0,43,8899,10,19,2
Spain,2020-12-29,1,536,6,1,1,1,5,9491,7,2,0
Spain,2020-12-25,2,536,6,1,1,0,108,9491,7,37,4
Germany,2020-11-18,3,490,8,1,1,0,48,9483,8,18,2
France,2020-11-28,1,553,5,1,0,0,0,9520,6,0,0
France,2021-02-01,0,553,5,1,1,1,4,9520,6,3,0
India,2021-02-02,0,2687,2,1,1,0,350,51189,2,96,9
Canada,2020-12-22,4,2067,3,1,0,0,3,37914,3,1,0
India,2020-12-09,0,2687,2,3,1,0,2,51189,2,0,0
France,2020-11-21,0,553,5,7,1,1,3,9520,6,3,1
Italy,2021-01-22,1,386,9,1,0,0,0,7897,11,0,0
China,2021-01-28,0,490,8,1,0,0,1,10181,5,0,0
India,2021-01-24,2,2687,2,7,1,1,2,51189,2,2,0
Singapore,2021-02-16,0,375,10,1,1,0,35,8899,10,20,1
Canada,2020-12-28,5,2067,3,1,0,0,2,37914,3,0,0
France,2020-11-10,2,553,5,1,1,0,15,9520,6,3,0
Germany,2021-02-12,0,490,8,1,1,0,57,9483,8,18,4
United States,2020-12-17,4,12384,1,1,0,1,4,233503,1,0,0
China,2020-11-10,3,490,8,1,1,1,7,10181,5,7,1
Singapore,2021-01-01,1,375,10,1,0,0,2,8899,10,0,0
Spain,2021-01-23,2,536,6,1,1,0,67,9491,7,10,1
United States,2020-11-11,5,12384,1,1,0,1,4,233503,1,0,0
United Kingdom,2021-01-03,2,859,4,1,1,0,127,15748,4,37,6
United States,2020-12-06,30,12384,1,1,0,0,25,233503,1,6,0
India,2021-01-31,0,2687,2,1,0,0,1,51189,2,0,0
Germany,2020-12-03,1,490,8,1,0,0,0,9483,8,0,0
Singapore,2020-11-22,1,375,10,1,1,1,12,8899,10,11,0
Germany,2020-12-26,0,490,8,2,1,0,7,9483,8,1,0
United States,2020-11-30,38,12384,1,1,0,0,27,233503,1,6,0
Germany,2021-01-02,1,490,8,1,1,1,6,9483,8,6,1
Italy,2021-02-17,0,386,9,3,1,0,6,7897,11,4,0
Taiwan,2021-01-18,2,500,7,1,1,0,91,9189,9,10,1
Singapore,2020-12-16,1,375,10,7,1,1,5,8899,10,5,1
Canada,2020-11-01,3,2067,3,1,1,1,2,37914,3,2,0
India,2020-11-05,13,2687,2,1,1,0,111,51189,2,51,10
Taiwan,2021-01-01,1,500,7,1,1,0,81,9189,9,23,0
India,2020-12-09,1,2687,2,7,1,1,0,51189,2,0,0
Italy,2020-12-21,2,386,9,1,1,1,26,7897,11,9,2
Germany,2021-01-01,0,490,8,2,1,0,6,9483,8,2,0
United States,2020-11-04,46,12384,1,1,0,0,28,233503,1,4,0
Taiwan,2020-12-04,2,500,7,1,1,0,73,9189,9,20,3
United States,2020-11-23,2,12384,1,1,0,1,4,233503,1,0,0
Germany,2021-01-25,2,490,8,1,0,0,0,9483,8,0,0
Germany,2020-11-16,2,490,8,1,0,0,1,9483,8,0,0
France,2020-11-08,1,553,5,1,1,0,4,9520,6,1,0
India,2021-01-14,0,2687,2,7,1,0,6,51189,2,1,0
India,2020-12-25,0,2687,2,7,1,1,4,51189,2,0,0
France,2021-01-23,1,553,5,1,0,0,0,9520,6,0,0
Germany,2021-02-04,0,490,8,1,1,1,5,9483,8,5,0
Singapore,2021-01-22,1,375,10,1,0,1,0,8899,10,0,0
France,2021-01-25,1,553,5,1,1,1,3,9520,6,0,0
India,2020-11-06,12,2687,2,1,0,0,12,51189,2,5,0
China,2021-01-29,0,490,8,1,1,1,3,10181,5,2,1
Singapore,2020-11-30,1,375,10,1,1,0,58,8899,10,10,2
India,2020-11-24,17,2687,2,1,1,0,413,51189,2,147,25
Taiwan,2020-12-06,0,500,7,7,1,0,2,9189,9,0,0
United States,2020-11-20,1,12384,1,2,1,0,0,233503,1,0,0
Spain,2020-12-09,2,536,6,1,1,1,4,9491,7,2,0
France,2020-12-15,3,553,5,1,1,0,88,9520,6,26,1
France,2021-02-02,0,553,5,1,1,1,2,9520,6,2,0
Taiwan,2020-12-17,6,500,7,1,1,0,111,9189,9,26,2
Germany,2020-12-01,5,490,8,1,0,0,0,9483,8,0,0
Italy,2021-01-03,0,386,9,1,1,1,17,7897,11,3,0
United States,2021-01-21,0,12384,1,3,1,0,3,233503,1,3,0
India,2020-11-08,2,2687,2,1,1,1,15,51189,2,8,1
India,2021-01-30,0,2687,2,3,1,0,2,51189,2,0,0
Spain,2021-02-19,0,536,6,1,1,0,7,9491,7,5,3
Canada,2021-01-04,0,2067,3,7,1,1,2,37914,3,2,0
China,2020-12-29,1,490,8,1,1,0,98,10181,5,37,6
Canada,2020-12-12,4,2067,3,1,1,1,44,37914,3,37,5
India,2020-12-19,5,2687,2,1,1,1,79,51189,2,42,3
Canada,2020-11-04,2,2067,3,1,1,1,10,37914,3,8,0
Taiwan,2021-01-13,0,500,7,1,1,1,14,9189,9,9,4
Canada,2021-01-13,0,2067,3,3,1,0,5,37914,3,5,0
Spain,2020-12-22,1,536,6,1,0,1,0,9491,7,0,0
Italy,2021-01-15,1,386,9,7,1,1,0,7897,11,0,0
United Kingdom,2020-11-12,2,859,4,1,0,0,2,15748,4,0,0
Canada,2020-11-09,4,2067,3,1,0,0,3,37914,3,1,0
Spain,2021-01-06,4,536,6,1,0,0,1,9491,7,0,0
Singapore,2020-12-06,1,375,10,1,1,1,11,8899,10,5,1
Italy,2020-11-30,0,386,9,1,1,1,8,7897,11,3,0
China,2020-12-19,2,490,8,1,1,0,143,10181,5,46,7
United States,2020-12-23,61,12384,1,1,1,0,2711,233503,1,902,90
Taiwan,2020-11-08,1,500,7,1,1,0,32,9189,9,10,1
France,2020-11-17,1,553,5,1,0,0,1,9520,6,1,0
China,2020-11-06,1,490,8,1,0,0,1,10181,5,0,0
United States,2021-01-06,66,12384,1,1,0,0,22,233503,1,9,0
Italy,2021-02-20,0,386,9,1,1,1,2,7897,11,2,0
India,2020-12-26,1,2687,2,1,1,1,58,51189,2,21,4
Taiwan,2021-01-23,1,500,7,1,1,1,12,9189,9,3,0
Taiwan,2021-01-17,1,500,7,1,1,0,94,9189,9,11,2
Germany,2021-01-24,3,490,8,1,0,0,0,9483,8,0,0
India,2020-12-16,0,2687,2,3,1,0,2,51189,2,0,0
Canada,2020-11-18,17,2067,3,1,1,0,236,37914,3,82,10
Canada,2021-02-07,0,2067,3,7,1,1,1,37914,3,0,0
Germany,2020-12-24,1,490,8,1,1,0,98,9483,8,29,3
Spain,2020-12-12,3,536,6,1,0,0,1,9491,7,0,0
Italy,2020-12-18,1,386,9,1,1,0,77,7897,11,29,8
India,2020-11-19,8,2687,2,1,0,0,4,51189,2,1,0
United Kingdom,2020-12-01,0,859,4,1,1,1,3,15748,4,2,0
Canada,2020-12-30,21,2067,3,1,1,0,411,37914,3,121,9
France,2020-11-18,3,553,5,1,0,0,2,9520,6,1,0
India,2020-12-28,0,2687,2,7,1,1,2,51189,2,1,1
China,2020-11-28,2,490,8,1,0,0,1,10181,5,0,0
Canada,2021-01-11,0,2067,3,3,1,0,6,37914,3,6,0
France,2020-11-24,3,553,5,1,0,0,2,9520,6,2,0
Spain,2020-12-26,5,536,6,1,1,0,120,9491,7,48,7
France,2021-02-04,0,553,5,1,1,0,95,9520,6,31,3
India,2020-12-27,0,2687,2,7,1,1,4,51189,2,1,0
Canada,2021-02-13,0,2067,3,1,1,0,170,37914,3,51,6
Taiwan,2020-12-13,1,500,7,1,0,0,1,9189,9,1,0
Canada,2020-12-08,18,2067,3,1,0,0,10,37914,3,1,0
Taiwan,2021-01-27,1,500,7,1,1,0,87,9189,9,24,1
China,2020-12-19,0,490,8,7,1,1,7,10181,5,0,0
Spain,2021-01-17,0,536,6,1,1,0,74,9491,7,14,0
United Kingdom,2020-12-06,0,859,4,7,1,0,1,15748,4,1,0
Spain,2021-01-08,6,536,6,1,1,0,87,9491,7,30,1
Canada,2021-02-18,0,2067,3,1,1,1,7,37914,3,6,1
Taiwan,2020-11-18,1,500,7,1,1,0,60,9189,9,18,4
India,2021-01-17,4,2687,2,1,1,1,21,51189,2,8,0
Germany,2020-11-11,1,490,8,1,0,1,0,9483,8,0,0
Spain,2020-12-27,0,536,6,1,1,0,118,9491,7,37,3
France,2021-02-01,0,553,5,1,1,0,120,9520,6,39,4
Italy,2021-01-02,0,386,9,1,0,0,1,7897,11,0,0
Canada,2020-12-29,1,2067,3,1,1,1,34,37914,3,13,4
Canada,2021-02-11,0,2067,3,1,0,0,5,37914,3,2,0
Italy,2021-02-09,0,386,9,1,1,0,41,7897,11,8,1
United States,2021-01-02,1,12384,1,7,1,0,17,233503,1,6,2
France,2021-01-02,0,553,5,1,1,1,23,9520,6,16,0
France,2021-01-19,0,553,5,1,1,1,3,9520,6,2,0
Singapore,2020-11-07,1,375,10,1,1,1,2,8899,10,2,1
Canada,2021-01-26,4,2067,3,1,1,1,25,37914,3,17,0
Germany,2020-12-09,2,490,8,1,1,1,1,9483,8,1,0
Germany,2020-12-28,3,490,8,1,1,0,97,9483,8,23,1
Italy,2021-02-05,0,386,9,1,1,1,4,7897,11,2,0
Canada,2021-02-12,0,2067,3,7,1,0,4,37914,3,0,0
China,2020-12-25,3,490,8,1,1,0,112,10181,5,22,3
Germany,2020-12-22,3,490,8,1,1,0,93,9483,8,26,0
United States,2020-11-13,0,12384,1,3,1,0,2,233503,1,2,1
France,2020-11-23,2,553,5,1,1,1,3,9520,6,0,0
Singapore,2020-11-29,0,375,10,1,1,1,7,8899,10,2,0
Canada,2021-02-01,0,2067,3,1,0,0,1,37914,3,0,0
United Kingdom,2020-12-16,1,859,4,1,0,0,3,15748,4,0,0
France,2020-12-05,1,553,5,1,0,0,0,9520,6,0,0
United States,2021-01-25,2,12384,1,1,0,1,14,233503,1,2,0
Singapore,2021-01-30,0,375,10,1,1,1,5,8899,10,0,0
Italy,2021-02-02,0,386,9,7,1,1,5,7897,11,0,0
France,2021-01-24,2,553,5,1,1,0,122,9520,6,48,8
Germany,2020-12-24,0,490,8,1,1,1,10,9483,8,10,0
India,2021-01-16,14,2687,2,1,1,0,470,51189,2,177,29
United States,2021-02-09,0,12384,1,1,1,1,97,233503,1,32,3
China,2020-11-23,1,490,8,1,0,0,1,10181,5,0,0
China,2020-12-23,0,490,8,7,1,1,4,10181,5,2,0
Canada,2020-12-06,2,2067,3,1,1,1,48,37914,3,33,3
Taiwan,2021-02-25,0,500,7,1,1,0,5,9189,9,0,0
United States,2020-11-20,43,12384,1,1,0,0,25,233503,1,12,0
Taiwan,2021-01-27,2,500,7,1,0,0,0,9189,9,0,0
Germany,2021-01-12,6,490,8,1,1,0,166,9483,8,58,4
Taiwan,2020-12-25,1,500,7,1,1,1,5,9189,9,5,0
India,2020-11-10,1,2687,2,1,0,1,0,51189,2,0,0
Germany,2020-11-11,4,490,8,1,1,0,32,9483,8,13,2
Germany,2021-02-04,0,490,8,1,1,0,58,9483,8,12,3
Canada,2020-11-03,8,2067,3,1,0,0,3,37914,3,0,0
India,2020-11-28,1,2687,2,1,0,1,6,51189,2,0,0
Singapore,2021-01-16,0,375,10,1,1,1,9,8899,10,7,0
Spain,2020-11-30,4,536,6,1,1,0,130,9491,7,46,5
Canada,2021-01-05,0,2067,3,3,1,0,12,37914,3,9,0
Canada,2020-12-31,5,2067,3,1,1,1,46,37914,3,26,6
Singapore,2020-12-15,2,375,10,1,0,0,0,8899,10,0,0
China,2021-02-19,0,490,8,1,1,0,22,10181,5,5,2
Germany,2020-12-10,3,490,8,1,1,0,107,9483,8,37,3
Taiwan,2020-11-26,3,500,7,1,1,0,99,9189,9,34,3
Italy,2020-11-15,0,386,9,7,1,1,6,7897,11,0,0
Canada,2021-01-27,4,2067,3,1,1,1,28,37914,3,18,7
Canada,2020-12-11,7,2067,3,1,0,0,10,37914,3,1,0
France,2020-12-02,3,553,5,1,0,0,0,9520,6,0,0
United States,2020-12-19,14,12384,1,1,1,1,267,233503,1,128,12
Singapore,2020-11-18,2,375,10,1,0,0,0,8899,10,0,0
United Kingdom,2021-01-14,5,859,4,1,0,0,3,15748,4,0,0
United States,2020-11-29,0,12384,1,7,1,0,14,233503,1,7,2
United States,2020-11-28,0,12384,1,1,0,1,1,233503,1,0,0
China,2020-11-06,0,490,8,1,1,1,2,10181,5,2,0
India,2021-01-05,10,2687,2,1,1,0,546,51189,2,224,23
Canada,2020-12-21,11,2067,3,1,1,0,491,37914,3,193,15
Spain,2020-12-02,1,536,6,1,1,1,6,9491,7,1,0
United Kingdom,2020-12-03,3,859,4,1,1,1,0,15748,4,0,0
India,2021-02-03,0,2687,2,1,1,0,332,51189,2,102,8
United Kingdom,2021-01-10,0,859,4,1,0,1,7,15748,4,0,0
China,2021-01-25,2,490,8,1,1,0,134,10181,5,46,4
Italy,2021-01-30,0,386,9,7,1,1,5,7897,11,0,0
India,2020-12-26,0,2687,2,7,1,1,4,51189,2,0,0
United States,2020-12-10,1,12384,1,7,1,1,0,233503,1,0,0
France,2021-01-21,0,553,5,3,1,0,3,9520,6,0,0
India,2021-01-05,5,2687,2,1,1,1,38,51189,2,16,2
United States,2020-11-22,1,12384,1,1,0,1,4,233503,1,1,0
France,2020-11-26,1,553,5,1,0,1,0,9520,6,0,0
Canada,2021-01-10,2,2067,3,1,1,0,299,37914,3,96,13
France,2020-11-30,4,553,5,1,0,0,4,9520,6,1,0
United Kingdom,2021-01-09,0,859,4,1,0,1,7,15748,4,0,0
Canada,2020-12-14,0,2067,3,7,1,0,10,37914,3,2,1
France,2021-01-03,0,553,5,7,1,0,3,9520,6,0,0
United Kingdom,2020-12-10,9,859,4,1,1,0,181,15748,4,55,9
China,2021-01-11,7,490,8,1,1,0,104,10181,5,44,8
India,2021-02-23,0,2687,2,7,1,0,1,51189,2,0,0
Taiwan,2020-12-31,3,500,7,1,0,0,0,9189,9,0,0
Italy,2021-02-04,0,386,9,1,1,1,3,7897,11,0,0
Germany,2020-11-28,1,490,8,1,0,1,0,9483,8,0,0
France,2020-12-14,0,553,5,1,0,1,3,9520,6,3,0
France,2021-01-05,0,553,5,7,1,0,5,9520,6,3,1
India,2020-12-16,9,2687,2,1,1,1,70,51189,2,38,7
Canada,2021-01-22,0,2067,3,7,1,0,3,37914,3,0,0
Spain,2020-11-07,2,536,6,1,1,0,28,9491,7,10,3
France,2021-01-24,0,553,5,3,1,0,3,9520,6,0,0
Canada,2020-11-22,1,2067,3,3,1,0,0,37914,3,0,0
Italy,2021-01-23,0,386,9,7,1,1,5,7897,11,0,0
United States,2020-11-17,0,12384,1,7,1,1,5,233503,1,5,0
France,2020-12-02,1,553,5,1,1,1,10,9520,6,1,0
United States,2020-11-10,0,12384,1,7,1,1,17,233503,1,17,4
United States,2021-02-02,0,12384,1,1,1,1,193,233503,1,76,7
India,2021-02-25,0,2687,2,1,1,0,9,51189,2,0,0
France,2020-12-13,1,553,5,1,1,1,10,9520,6,5,0
Canada,2021-01-18,0,2067,3,7,1,0,1,37914,3,1,0
France,2020-12-21,0,553,5,7,1,1,7,9520,6,1,1
United Kingdom,2021-01-12,0,859,4,7,1,0,6,15748,4,2,0
China,2020-11-29,4,490,8,1,1,0,78,10181,5,20,0
United States,2020-11-07,54,12384,1,1,1,0,557,233503,1,226,28
China,2020-12-20,1,490,8,1,1,1,13,10181,5,13,0
France,2021-02-02,0,553,5,1,1,0,108,9520,6,36,8
India,2020-11-14,6,2687,2,1,0,0,6,51189,2,4,0
Spain,2021-01-12,3,536,6,1,0,0,0,9491,7,0,0
United States,2021-02-17,0,12384,1,1,1,0,659,233503,1,250,18
United Kingdom,2020-12-13,1,859,4,1,0,0,3,15748,4,0,0
Spain,2020-12-10,1,536,6,1,0,0,0,9491,7,0,0
Canada,2021-02-04,0,2067,3,7,1,1,2,37914,3,0,0
United States,2020-11-10,34,12384,1,1,0,0,20,233503,1,8,0
United Kingdom,2020-12-25,7,859,4,1,1,0,180,15748,4,32,3
United States,2021-01-15,2,12384,1,1,0,1,13,233503,1,0,0
France,2021-01-23,0,553,5,7,1,0,6,9520,6,0,0
India,2020-12-12,20,2687,2,1,1,0,538,51189,2,171,20
Germany,2021-02-05,0,490,8,1,1,1,5,9483,8,5,0
Singapore,2020-11-25,2,375,10,1,1,0,66,8899,10,14,3
China,2020-11-16,0,490,8,1,1,1,4,10181,5,4,0
United States,2020-11-28,3,12384,1,7,1,0,12,233503,1,4,1
Canada,2020-11-05,8,2067,3,1,1,0,46,37914,3,13,3
Italy,2021-01-27,2,386,9,1,0,0,2,7897,11,0,0
Taiwan,2020-12-31,0,500,7,1,1,1,12,9189,9,5,0
United Kingdom,2021-01-13,0,859,4,1,0,1,7,15748,4,0,0
Italy,2021-02-07,0,386,9,7,1,1,5,7897,11,0,0
Singapore,2021-01-12,4,375,10,1,1,0,127,8899,10,36,3
Taiwan,2020-12-22,2,500,7,1,0,0,3,9189,9,1,0
Italy,2021-02-08,0,386,9,1,1,0,44,7897,11,15,0
India,2020-11-22,17,2687,2,1,1,0,376,51189,2,125,16
United Kingdom,2020-12-30,1,859,4,1,1,1,14,15748,4,6,0
Canada,2020-11-28,2,2067,3,1,1,1,31,37914,3,22,6
India,2021-01-23,0,2687,2,1,0,1,5,51189,2,4,0
Taiwan,2021-01-13,0,500,7,1,0,0,1,9189,9,0,0
India,2020-12-08,8,2687,2,1,1,1,33,51189,2,11,1
India,2020-12-12,1,2687,2,7,1,1,1,51189,2,1,0
India,2020-11-30,0,2687,2,1,0,1,6,51189,2,3,3
United States,2020-11-28,59,12384,1,1,1,0,1975,233503,1,680,75
India,2021-01-18,0,2687,2,7,1,0,2,51189,2,1,0
United Kingdom,2020-11-07,1,859,4,1,1,1,7,15748,4,7,0
China,2021-01-04,2,490,8,1,1,0,112,10181,5,48,8
Singapore,2020-12-22,1,375,10,1,1,1,0,8899,10,0,0
United States,2020-11-15,11,12384,1,1,1,1,101,233503,1,35,5
United States,2020-12-18,0,12384,1,3,1,0,11,233503,1,4,1
India,2020-11-07,9,2687,2,1,0,0,4,51189,2,0,0
Singapore,2021-01-15,3,375,10,1,1,0,111,8899,10,45,1
Taiwan,2021-01-21,4,500,7,1,0,0,0,9189,9,0,0
India,2021-01-16,3,2687,2,1,1,1,37,51189,2,17,2
France,2020-12-10,4,553,5,1,1,0,84,9520,6,17,0
India,2020-12-24,3,2687,2,1,0,0,3,51189,2,0,0
United States,2020-11-09,16,12384,1,1,1,1,84,233503,1,57,7
India,2021-01-04,0,2687,2,7,1,0,2,51189,2,0,0
India,2021-01-01,4,2687,2,1,1,0,560,51189,2,189,22
Singapore,2020-11-11,1,375,10,7,1,0,0,8899,10,0,0
China,2020-12-23,5,490,8,1,0,0,3,10181,5,3,0
Germany,2020-12-20,7,490,8,1,1,0,106,9483,8,34,2
Italy,2021-01-20,0,386,9,1,1,1,5,7897,11,5,1
Spain,2020-12-23,0,536,6,1,0,0,6,9491,7,0,0
Canada,2020-12-13,17,2067,3,1,1,0,469,37914,3,183,30
Italy,2021-01-31,0,386,9,1,0,0,1,7897,11,0,0
Germany,2020-11-29,1,490,8,1,1,0,56,9483,8,24,0
Singapore,2020-12-16,6,375,10,1,1,0,72,8899,10,13,4
United Kingdom,2020-11-15,1,859,4,1,1,1,14,15748,4,13,0
Germany,2020-12-11,1,490,8,1,0,0,3,9483,8,1,0
Italy,2021-01-02,3,386,9,1,1,0,88,7897,11,37,3
United Kingdom,2020-12-14,11,859,4,1,1,0,203,15748,4,77,18
France,2020-12-25,0,553,5,1,1,1,30,9520,6,23,2
United States,2020-11-16,0,12384,1,2,1,0,2,233503,1,0,0
United States,2020-12-20,2,12384,1,7,1,0,22,233503,1,11,4
Spain,2020-11-30,0,536,6,1,0,0,1,9491,7,0,0
Taiwan,2021-01-20,0,500,7,1,1,1,3,9189,9,3,0
United States,2020-11-05,37,12384,1,1,0,0,30,233503,1,11,0
United States,2020-11-04,2,12384,1,7,1,0,3,233503,1,3,2
Spain,2020-12-03,1,536,6,1,0,1,3,9491,7,0,0
Spain,2020-11-28,0,536,6,1,1,1,10,9491,7,5,0
Singapore,2021-01-09,1,375,10,1,1,1,14,8899,10,7,1
China,2020-12-30,1,490,8,1,1,1,10,10181,5,8,0
United Kingdom,2021-01-07,2,859,4,1,0,0,0,15748,4,0,0
United States,2021-01-23,0,12384,1,7,1,1,5,233503,1,1,0
Singapore,2020-12-30,2,375,10,1,0,0,2,8899,10,1,0
Spain,2020-12-06,1,536,6,1,0,0,1,9491,7,1,0
Canada,2021-01-09,2,2067,3,1,1,1,50,37914,3,34,4
China,2020-12-23,0,490,8,1,1,1,14,10181,5,12,0
Taiwan,2020-12-05,7,500,7,1,1,0,94,9189,9,31,4
United States,2021-01-29,0,12384,1,7,1,0,12,233503,1,7,0
United States,2021-01-16,75,12384,1,1,1,0,2214,233503,1,720,83
United States,2020-11-25,27,12384,1,1,1,1,184,233503,1,93,12
Germany,2020-11-12,4,490,8,1,1,0,36,9483,8,14,2
United States,2021-01-04,35,12384,1,1,0,0,19,233503,1,4,1
Italy,2021-01-08,0,386,9,1,1,1,11,7897,11,0,0
Spain,2021-01-02,2,536,6,1,0,0,0,9491,7,0,0
United States,2021-02-17,0,12384,1,7,1,0,6,233503,1,5,0
Italy,2021-01-03,2,386,9,1,1,0,86,7897,11,33,2
United Kingdom,2021-01-05,0,859,4,1,0,1,7,15748,4,0,0
Spain,2020-12-26,1,536,6,1,0,0,0,9491,7,0,0
France,2020-11-19,6,553,5,1,1,0,37,9520,6,10,2
China,2020-11-03,4,490,8,1,1,0,5,10181,5,0,0
France,2021-01-16,2,553,5,1,0,0,2,9520,6,0,0
China,2020-12-09,2,490,8,1,0,0,1,10181,5,0,0
China,2021-02-03,0,490,8,1,1,1,3,10181,5,1,0
United States,2020-11-11,0,12384,1,3,1,0,5,233503,1,3,2
Canada,2020-11-26,0,2067,3,1,0,1,3,37914,3,1,0
China,2020-12-06,0,490,8,1,1,1,16,10181,5,15,5
Italy,2020-12-26,1,386,9,1,0,0,0,7897,11,0,0
Singapore,2020-12-09,1,375,10,1,1,0,83,8899,10,14,4
Taiwan,2021-01-16,2,500,7,1,0,0,4,9189,9,0,0
United States,2020-11-16,27,12384,1,1,0,0,23,233503,1,3,0
Canada,2021-01-18,11,2067,3,1,1,0,306,37914,3,110,9
United States,2020-11-23,2,12384,1,7,1,0,14,233503,1,6,0
India,2020-12-07,9,2687,2,1,1,1,28,51189,2,10,4
Singapore,2021-01-14,1,375,10,1,0,0,0,8899,10,0,0
Germany,2021-02-06,0,490,8,1,1,1,1,9483,8,1,0
Italy,2021-01-09,2,386,9,1,1,0,103,7897,11,28,1
Spain,2020-11-23,1,536,6,1,1,1,0,9491,7,0,0
India,2021-01-29,0,2687,2,1,1,0,434,51189,2,149,12
United States,2020-12-14,2,12384,1,7,1,1,0,233503,1,0,0
China,2021-01-10,0,490,8,1,1,1,5,10181,5,0,0
United States,2020-11-27,0,12384,1,7,1,0,17,233503,1,6,3
Canada,2020-12-26,0,2067,3,7,1,1,2,37914,3,2,0
India,2021-01-18,6,2687,2,1,0,0,6,51189,2,2,0
Singapore,2021-01-02,0,375,10,2,1,0,7,8899,10,0,0
India,2021-02-17,0,2687,2,1,1,0,142,51189,2,54,7
Spain,2020-12-17,1,536,6,1,0,0,1,9491,7,0,0
Canada,2020-12-24,0,2067,3,7,1,0,9,37914,3,6,0
Italy,2020-11-24,2,386,9,1,0,0,3,7897,11,2,0
Italy,2021-01-30,0,386,9,1,1,0,56,7897,11,16,0
Italy,2021-01-26,2,386,9,1,1,0,68,7897,11,26,0
China,2021-01-05,3,490,8,1,1,0,130,10181,5,61,9
United Kingdom,2021-02-11,0,859,4,1,1,0,85,15748,4,29,4
India,2020-11-28,5,2687,2,1,1,1,52,51189,2,35,12
France,2021-01-17,0,553,5,1,1,1,1,9520,6,1,0
United Kingdom,2020-12-01,4,859,4,1,1,0,176,15748,4,75,15
United Kingdom,2020-12-01,2,859,4,1,0,0,1,15748,4,0,0
India,2020-12-05,0,2687,2,3,1,0,3,51189,2,0,0
India,2021-02-17,0,2687,2,7,1,0,3,51189,2,0,0
United Kingdom,2021-02-05,0,859,4,1,1,0,141,15748,4,52,3
Germany,2021-01-22,0,490,8,7,1,1,3,9483,8,0,0
China,2020-11-19,0,490,8,1,1,1,4,10181,5,4,0
Germany,2020-11-05,3,490,8,1,0,0,0,9483,8,0,0
Taiwan,2021-02-17,0,500,7,1,1,0,57,9189,9,29,1
Taiwan,2021-01-08,2,500,7,1,0,0,1,9189,9,0,0
United States,2021-01-12,23,12384,1,1,1,1,174,233503,1,105,16
China,2021-02-17,0,490,8,1,1,0,18,10181,5,0,0
India,2021-02-08,0,2687,2,1,0,1,3,51189,2,0,0
Canada,2020-11-16,1,2067,3,1,0,1,3,37914,3,0,0
United States,2021-01-18,87,12384,1,1,1,0,2199,233503,1,736,76
Canada,2020-11-22,1,2067,3,1,1,1,8,37914,3,0,0
Singapore,2021-01-27,0,375,10,1,1,1,8,8899,10,4,1
Italy,2020-12-19,1,386,9,1,1,1,20,7897,11,5,1
France,2021-01-11,1,553,5,1,1,0,97,9520,6,34,3
United Kingdom,2020-12-03,5,859,4,1,1,0,158,15748,4,65,11
India,2021-02-16,0,2687,2,1,1,0,143,51189,2,47,8
United Kingdom,2021-01-17,5,859,4,1,1,0,141,15748,4,30,2
United States,2021-01-21,1,12384,1,2,1,1,0,233503,1,0,0
Canada,2021-01-30,0,2067,3,1,1,0,315,37914,3,93,13
United States,2021-02-03,0,12384,1,7,1,1,5,233503,1,1,0
China,2020-12-13,1,490,8,1,1,1,7,10181,5,7,0
France,2021-01-21,2,553,5,1,0,0,0,9520,6,0,0
Singapore,2020-12-05,2,375,10,1,1,0,72,8899,10,12,1
Spain,2020-11-09,1,536,6,1,1,1,0,9491,7,0,0
China,2020-11-21,1,490,8,1,1,1,4,10181,5,4,0
Canada,2021-02-12,0,2067,3,1,0,0,5,37914,3,0,0
Spain,2020-12-31,1,536,6,1,1,0,122,9491,7,44,2
Italy,2020-11-28,1,386,9,1,0,0,1,7897,11,0,0
United States,2021-01-31,0,12384,1,7,1,1,5,233503,1,0,0
United Kingdom,2021-01-02,0,859,4,7,1,0,2,15748,4,2,0
United States,2021-02-21,0,12384,1,1,1,1,21,233503,1,4,0
Canada,2020-12-12,1,2067,3,1,0,1,0,37914,3,0,0
United Kingdom,2021-02-04,0,859,4,1,1,1,11,15748,4,11,0
United States,2021-02-23,0,12384,1,7,1,1,3,233503,1,2,0
India,2020-12-20,9,2687,2,1,1,1,70,51189,2,31,2
Spain,2020-11-04,1,536,6,7,1,0,0,9491,7,0,0
Canada,2020-12-21,0,2067,3,7,1,0,9,37914,3,1,1
United States,2020-12-05,0,12384,1,3,1,0,11,233503,1,10,2
China,2020-11-30,1,490,8,1,0,0,2,10181,5,0,0
United States,2021-01-14,1,12384,1,3,1,1,0,233503,1,0,0
Germany,2020-12-24,0,490,8,2,1,0,6,9483,8,1,0
United Kingdom,2020-11-14,2,859,4,1,1,1,20,15748,4,17,0
India,2021-02-10,0,2687,2,1,1,1,27,51189,2,8,0
Canada,2021-01-23,16,2067,3,1,1,0,316,37914,3,101,12
United States,2021-01-22,0,12384,1,3,1,1,4,233503,1,1,0
Canada,2020-11-10,1,2067,3,1,1,1,9,37914,3,7,0
Germany,2020-11-29,1,490,8,1,1,1,7,9483,8,5,0
Canada,2021-01-23,5,2067,3,1,1,1,34,37914,3,20,3
Singapore,2021-02-22,0,375,10,7,1,0,1,8899,10,1,0
Germany,2020-11-19,2,490,8,1,0,0,2,9483,8,0,0
India,2021-01-11,14,2687,2,1,1,0,480,51189,2,200,22
Taiwan,2020-11-03,7,500,7,1,1,0,14,9189,9,7,2
India,2020-11-18,0,2687,2,7,1,1,9,51189,2,7,5
United States,2020-11-26,1,12384,1,7,1,0,14,233503,1,6,2
United Kingdom,2021-01-17,2,859,4,1,0,0,5,15748,4,0,0
United States,2021-01-31,0,12384,1,1,0,0,3,233503,1,1,0
India,2021-02-10,0,2687,2,1,0,1,3,51189,2,0,0
United States,2020-11-09,2,12384,1,7,1,1,15,233503,1,15,3
Taiwan,2021-01-07,1,500,7,1,1,0,126,9189,9,32,1
United States,2021-01-25,25,12384,1,1,1,1,261,233503,1,138,21
United States,2020-11-06,0,12384,1,3,1,0,4,233503,1,4,2
Canada,2021-02-23,0,2067,3,1,1,0,35,37914,3,2,1
China,2021-01-19,4,490,8,1,1,0,110,10181,5,37,1
China,2020-11-18,1,490,8,1,1,1,4,10181,5,4,0
India,2020-11-23,5,2687,2,1,0,0,4,51189,2,2,0
United Kingdom,2021-02-17,0,859,4,1,1,0,30,15748,4,13,0
Italy,2020-12-23,1,386,9,1,0,0,2,7897,11,0,0
Canada,2020-11-08,1,2067,3,1,0,1,1,37914,3,0,0
Singapore,2021-01-12,1,375,10,1,1,1,11,8899,10,10,0
Taiwan,2020-11-13,1,500,7,1,1,0,30,9189,9,8,2
Canada,2021-02-12,0,2067,3,1,1,0,179,37914,3,36,3
Spain,2021-01-31,0,536,6,1,1,0,65,9491,7,16,1
India,2021-01-11,0,2687,2,1,0,1,6,51189,2,5,0
Taiwan,2020-12-01,0,500,7,1,0,0,1,9189,9,0,0
Canada,2020-11-01,8,2067,3,1,1,0,6,37914,3,3,0
United Kingdom,2021-01-01,0,859,4,7,1,0,2,15748,4,2,2
Italy,2021-01-27,0,386,9,3,1,0,7,7897,11,7,3
China,2021-01-17,1,490,8,1,1,1,4,10181,5,0,0
United Kingdom,2020-12-05,2,859,4,1,0,0,0,15748,4,0,0
Canada,2021-01-19,3,2067,3,1,1,1,47,37914,3,31,1
India,2020-12-30,0,2687,2,7,1,0,7,51189,2,5,0
United States,2021-02-17,0,12384,1,1,1,1,22,233503,1,14,1
Canada,2021-01-08,13,2067,3,1,1,0,348,37914,3,103,14
China,2020-11-18,0,490,8,1,1,0,55,10181,5,27,1
Canada,2020-11-29,9,2067,3,1,1,0,372,37914,3,142,16
United States,2020-12-17,0,12384,1,3,1,0,17,233503,1,3,1
Canada,2020-11-02,7,2067,3,1,0,0,0,37914,3,0,0
Italy,2020-12-01,2,386,9,1,0,0,1,7897,11,1,0
Italy,2021-01-23,0,386,9,1,1,1,5,7897,11,5,0
Singapore,2020-12-13,2,375,10,1,1,0,76,8899,10,15,5
Canada,2020-12-26,2,2067,3,1,0,1,2,37914,3,0,0
India,2021-02-19,0,2687,2,1,1,1,15,51189,2,7,0
United States,2020-12-08,45,12384,1,1,1,1,251,233503,1,159,18
United States,2020-11-07,2,12384,1,7,1,0,14,233503,1,12,0
United States,2021-01-12,0,12384,1,7,1,1,4,233503,1,2,0
United Kingdom,2020-11-03,9,859,4,1,1,0,13,15748,4,9,4
United Kingdom,2020-11-17,4,859,4,1,1,0,71,15748,4,31,7
China,2020-12-05,7,490,8,1,1,0,70,10181,5,24,2
Spain,2020-12-11,2,536,6,1,1,1,2,9491,7,0,0
France,2020-12-30,0,553,5,7,1,0,4,9520,6,1,0
United Kingdom,2020-12-19,1,859,4,1,0,0,1,15748,4,0,0
Taiwan,2020-11-28,2,500,7,1,0,0,0,9189,9,0,0
Canada,2020-12-27,10,2067,3,1,1,0,427,37914,3,123,13
United Kingdom,2020-11-05,9,859,4,1,1,0,25,15748,4,10,4
Canada,2021-02-05,0,2067,3,7,1,1,1,37914,3,1,0
India,2021-01-06,0,2687,2,7,1,0,3,51189,2,3,1
Taiwan,2020-12-12,1,500,7,1,1,1,12,9189,9,2,0
Singapore,2021-01-24,1,375,10,1,1,1,2,8899,10,2,0
India,2021-01-21,17,2687,2,1,1,0,439,51189,2,202,23
India,2021-01-19,1,2687,2,7,1,0,2,51189,2,2,0
Germany,2021-01-14,1,490,8,1,0,0,0,9483,8,0,0
Germany,2021-02-01,0,490,8,1,1,0,64,9483,8,19,0
Singapore,2020-12-20,1,375,10,1,0,0,2,8899,10,0,0
France,2020-11-18,5,553,5,1,1,0,29,9520,6,11,0
Singapore,2021-01-22,0,375,10,1,0,0,1,8899,10,0,0
China,2020-11-05,2,490,8,1,1,1,7,10181,5,7,0
India,2020-12-17,6,2687,2,1,1,1,79,51189,2,46,8
France,2021-01-26,4,553,5,1,1,0,132,9520,6,40,6
India,2020-12-24,0,2687,2,7,1,1,4,51189,2,0,0
United States,2020-12-21,27,12384,1,1,1,1,286,233503,1,153,18
India,2021-01-10,0,2687,2,1,0,1,5,51189,2,5,0
United States,2021-01-07,30,12384,1,1,1,1,156,233503,1,82,10
India,2021-02-01,0,2687,2,7,1,0,2,51189,2,0,0
Germany,2021-01-01,3,490,8,1,0,0,0,9483,8,0,0
Canada,2020-11-24,12,2067,3,1,1,0,260,37914,3,72,4
France,2020-11-04,4,553,5,1,0,0,2,9520,6,0,0
China,2020-11-04,1,490,8,1,1,1,13,10181,5,11,0
India,2021-01-15,1,2687,2,1,0,1,6,51189,2,5,0
United Kingdom,2020-11-13,1,859,4,1,1,1,10,15748,4,9,0
Spain,2020-11-22,1,536,6,1,1,1,0,9491,7,0,0
Taiwan,2020-12-18,4,500,7,1,1,0,112,9189,9,29,4
China,2020-11-10,2,490,8,1,0,0,0,10181,5,0,0
United States,2021-01-16,28,12384,1,1,0,0,15,233503,1,1,0
United States,2020-11-28,0,12384,1,3,1,0,7,233503,1,5,3
France,2020-12-13,0,553,5,1,0,1,3,9520,6,3,0
Germany,2020-11-07,1,490,8,1,1,0,15,9483,8,13,4
Germany,2021-02-15,0,490,8,1,1,0,51,9483,8,21,3
France,2020-12-03,3,553,5,1,0,0,3,9520,6,1,0
Italy,2020-11-15,4,386,9,1,1,0,29,7897,11,14,1
India,2020-11-12,4,2687,2,1,1,1,10,51189,2,5,2
Canada,2021-02-02,0,2067,3,1,1,0,267,37914,3,75,2
Italy,2021-02-23,0,386,9,1,1,1,4,7897,11,3,1
United States,2021-02-16,0,12384,1,7,1,1,3,233503,1,3,0
Italy,2021-01-31,0,386,9,1,1,1,4,7897,11,0,0
Taiwan,2021-01-16,0,500,7,1,1,1,13,9189,9,6,0
India,2021-02-17,0,2687,2,1,1,1,12,51189,2,8,0
Singapore,2020-11-17,1,375,10,1,1,0,40,8899,10,19,0
Canada,2021-01-16,1,2067,3,1,0,1,0,37914,3,0,0
India,2021-01-20,5,2687,2,1,1,1,33,51189,2,22,0
Canada,2020-11-16,11,2067,3,1,0,0,10,37914,3,5,0
Canada,2021-01-14,14,2067,3,1,1,0,324,37914,3,120,4
Spain,2020-12-22,0,536,6,1,1,1,12,9491,7,1,1
France,2021-01-21,1,553,5,7,1,0,6,9520,6,0,0
India,2021-01-26,5,2687,2,1,1,1,57,51189,2,36,5
India,2021-01-22,13,2687,2,1,1,0,428,51189,2,190,23
China,2021-01-30,0,490,8,1,0,0,1,10181,5,0,0
Canada,2021-01-08,5,2067,3,1,0,0,4,37914,3,2,0
France,2021-01-10,0,553,5,7,1,0,3,9520,6,1,0
Taiwan,2021-02-04,0,500,7,1,1,0,48,9189,9,15,0
United States,2020-12-05,17,12384,1,1,1,1,233,233503,1,122,10
India,2020-12-25,1,2687,2,1,0,0,6,51189,2,1,0
Canada,2020-12-19,0,2067,3,7,1,0,9,37914,3,1,1
China,2020-12-04,1,490,8,1,0,0,1,10181,5,1,0
China,2020-12-28,0,490,8,1,1,1,8,10181,5,8,0
Spain,2021-01-24,1,536,6,1,1,0,67,9491,7,12,1
United States,2020-11-17,0,12384,1,1,0,1,4,233503,1,0,0
Canada,2021-01-03,0,2067,3,7,1,1,2,37914,3,2,0
United States,2021-01-19,84,12384,1,1,1,0,2226,233503,1,734,85
India,2020-12-09,18,2687,2,1,0,0,9,51189,2,5,0
Taiwan,2021-01-04,3,500,7,1,1,0,107,9189,9,23,4
Taiwan,2020-12-14,3,500,7,1,1,0,90,9189,9,17,0
Germany,2021-02-14,0,490,8,1,1,0,49,9483,8,17,0
India,2020-11-28,0,2687,2,7,1,1,7,51189,2,1,0
Germany,2021-02-17,0,490,8,1,1,0,53,9483,8,16,1
India,2020-11-04,1,2687,2,1,0,1,1,51189,2,0,0
India,2021-02-20,0,2687,2,7,1,0,1,51189,2,0,0
Italy,2020-11-23,2,386,9,1,1,1,7,7897,11,0,0
Germany,2021-02-22,0,490,8,1,1,0,30,9483,8,5,1
United States,2021-02-10,0,12384,1,7,1,0,13,233503,1,6,0
India,2020-12-23,5,2687,2,1,1,1,66,51189,2,26,2
India,2020-12-16,0,2687,2,7,1,1,3,51189,2,0,0
Italy,2020-11-07,2,386,9,1,1,0,9,7897,11,0,0
Taiwan,2020-11-29,0,500,7,7,1,0,2,9189,9,2,0
China,2020-12-27,0,490,8,1,1,1,6,10181,5,6,2
France,2020-11-24,5,553,5,1,1,0,59,9520,6,21,2
India,2020-12-29,0,2687,2,7,1,0,15,51189,2,12,2
Germany,2021-01-13,0,490,8,7,1,1,3,9483,8,1,0
United Kingdom,2021-01-23,1,859,4,1,0,0,3,15748,4,0,0
Singapore,2021-01-04,1,375,10,1,1,1,4,8899,10,4,0
Taiwan,2020-11-12,1,500,7,1,1,0,31,9189,9,12,2
Germany,2020-12-30,0,490,8,2,1,0,7,9483,8,6,0
Singapore,2020-12-23,4,375,10,1,1,0,88,8899,10,11,1
United Kingdom,2020-12-07,3,859,4,1,1,1,2,15748,4,2,1
Canada,2021-01-25,2,2067,3,1,1,1,22,37914,3,15,2
United Kingdom,2020-11-25,0,859,4,7,1,0,2,15748,4,2,1
Germany,2020-11-14,2,490,8,1,1,0,38,9483,8,13,2
India,2020-11-25,2,2687,2,1,0,1,1,51189,2,0,0
Taiwan,2020-12-31,1,500,7,1,0,1,2,9189,9,0,0
Italy,2020-12-22,2,386,9,1,1,1,33,7897,11,11,3
Singapore,2021-01-11,1,375,10,1,1,0,137,8899,10,40,3
China,2021-02-09,0,490,8,1,1,1,3,10181,5,1,0
United Kingdom,2020-12-07,7,859,4,1,0,0,4,15748,4,1,0
Taiwan,2020-12-07,2,500,7,1,1,0,103,9189,9,23,5
Italy,2020-11-04,6,386,9,1,1,0,6,7897,11,2,0
India,2021-01-18,0,2687,2,1,0,1,5,51189,2,5,0
United Kingdom,2020-12-30,5,859,4,1,1,0,171,15748,4,61,8
United Kingdom,2020-11-28,7,859,4,1,1,0,140,15748,4,53,6
Spain,2021-01-31,0,536,6,1,1,1,3,9491,7,1,0
United Kingdom,2020-11-03,3,859,4,1,0,0,0,15748,4,0,0
Italy,2020-11-20,1,386,9,1,0,0,0,7897,11,0,0
Germany,2021-01-23,0,490,8,7,1,1,3,9483,8,0,0
United States,2021-02-09,0,12384,1,7,1,0,19,233503,1,7,2
Singapore,2020-12-17,0,375,10,1,1,1,5,8899,10,2,1
Singapore,2021-01-18,1,375,10,7,1,0,0,8899,10,0,0
India,2020-12-18,0,2687,2,7,1,1,3,51189,2,0,0
United States,2020-11-21,0,12384,1,7,1,1,7,233503,1,7,2
Taiwan,2020-12-02,0,500,7,7,1,0,3,9189,9,0,0
United States,2020-11-13,24,12384,1,1,1,1,109,233503,1,45,7
Canada,2020-11-07,0,2067,3,1,0,1,1,37914,3,0,0
United Kingdom,2021-01-30,0,859,4,1,1,1,14,15748,4,7,0
Canada,2020-12-09,11,2067,3,1,1,1,51,37914,3,29,3
Germany,2020-11-05,3,490,8,1,1,0,16,9483,8,15,4
Germany,2021-02-09,0,490,8,1,1,0,51,9483,8,18,3
United States,2021-01-15,1,12384,1,7,1,0,25,233503,1,10,0
India,2020-11-01,7,2687,2,1,0,0,2,51189,2,0,0
United States,2020-11-15,1,12384,1,1,0,1,7,233503,1,0,0
Germany,2020-12-18,3,490,8,1,1,0,104,9483,8,24,1
Germany,2020-12-10,2,490,8,1,1,1,3,9483,8,3,2
Singapore,2020-11-21,1,375,10,1,0,0,0,8899,10,0,0
Germany,2020-12-04,3,490,8,1,0,0,3,9483,8,1,0
France,2020-12-29,3,553,5,1,0,0,1,9520,6,0,0
Singapore,2020-12-11,2,375,10,1,1,1,20,8899,10,11,1
Spain,2020-11-12,2,536,6,1,0,0,0,9491,7,0,0
China,2021-01-27,0,490,8,1,1,1,3,10181,5,1,0
United States,2021-01-08,1,12384,1,2,1,1,0,233503,1,0,0
China,2021-01-12,4,490,8,1,0,0,7,10181,5,1,0
China,2020-11-09,2,490,8,1,1,0,7,10181,5,7,4
Taiwan,2020-12-24,0,500,7,1,1,1,5,9189,9,5,0
Canada,2020-11-14,4,2067,3,1,1,1,5,37914,3,5,0
United States,2021-02-19,0,12384,1,1,1,0,480,233503,1,178,6
Canada,2020-12-22,11,2067,3,1,1,0,470,37914,3,156,16
Canada,2020-12-27,0,2067,3,3,1,0,12,37914,3,10,0
Italy,2021-01-03,1,386,9,1,0,0,0,7897,11,0,0
Canada,2020-11-05,1,2067,3,1,0,1,0,37914,3,0,0
United Kingdom,2021-02-02,0,859,4,1,1,0,164,15748,4,48,4
United States,2020-11-30,0,12384,1,3,1,0,10,233503,1,6,4
China,2021-01-09,3,490,8,1,0,0,2,10181,5,0,0
India,2020-11-25,24,2687,2,1,1,0,418,51189,2,156,18
Spain,2020-12-06,0,536,6,1,0,1,2,9491,7,2,0
Germany,2021-01-19,3,490,8,1,1,0,98,9483,8,33,7
China,2020-12-24,1,490,8,1,0,0,1,10181,5,0,0
India,2020-12-20,0,2687,2,7,1,0,10,51189,2,9,3
Spain,2021-02-06,0,536,6,1,1,1,5,9491,7,0,0
Singapore,2021-01-31,0,375,10,1,0,0,1,8899,10,1,0
United States,2020-11-29,1,12384,1,1,0,1,0,233503,1,0,0
India,2020-12-28,14,2687,2,1,1,0,615,51189,2,222,22
Canada,2020-12-17,1,2067,3,1,0,1,1,37914,3,0,0
Germany,2021-01-10,2,490,8,1,1,0,145,9483,8,52,2
France,2021-01-01,0,553,5,1,1,1,32,9520,6,28,0
Germany,2021-01-19,1,490,8,1,0,0,1,9483,8,0,0
Spain,2020-11-22,2,536,6,1,1,0,97,9491,7,28,5
United States,2021-01-31,0,12384,1,1,1,0,2203,233503,1,760,60
United States,2021-01-05,0,12384,1,7,1,0,24,233503,1,11,2
United Kingdom,2020-12-14,1,859,4,1,1,1,0,15748,4,0,0
India,2021-02-06,0,2687,2,1,1,1,47,51189,2,29,3
France,2021-01-21,0,553,5,1,1,1,3,9520,6,3,1
France,2020-12-09,3,553,5,1,0,0,1,9520,6,0,0
Italy,2021-01-22,0,386,9,3,1,0,3,7897,11,3,3
Singapore,2021-01-03,2,375,10,1,1,0,102,8899,10,32,6
Taiwan,2021-01-19,1,500,7,1,1,1,0,9189,9,0,0
China,2021-01-08,2,490,8,1,1,0,118,10181,5,54,5
Canada,2021-01-17,0,2067,3,7,1,0,1,37914,3,0,0
Italy,2021-02-20,0,386,9,1,1,0,7,7897,11,0,0
India,2021-01-08,8,2687,2,1,0,0,8,51189,2,6,0
Germany,2021-01-24,0,490,8,7,1,1,3,9483,8,0,0
Canada,2020-11-19,15,2067,3,1,1,0,253,37914,3,83,3
Canada,2021-01-11,0,2067,3,7,1,0,1,37914,3,0,0
China,2020-12-17,0,490,8,7,1,1,5,10181,5,5,2
Singapore,2021-02-24,0,375,10,1,1,0,6,8899,10,2,0
Italy,2020-11-26,0,386,9,1,1,0,55,7897,11,27,7
Italy,2021-02-12,0,386,9,1,1,0,35,7897,11,7,1
Italy,2020-11-09,0,386,9,7,1,1,3,7897,11,0,0
India,2021-01-13,17,2687,2,1,1,0,515,51189,2,214,17
China,2020-11-18,1,490,8,1,0,0,0,10181,5,0,0
Italy,2020-12-15,1,386,9,1,0,0,0,7897,11,0,0
France,2020-11-30,0,553,5,1,1,0,77,9520,6,29,3
India,2020-12-03,7,2687,2,1,1,1,23,51189,2,8,0
United Kingdom,2020-11-29,7,859,4,1,1,0,158,15748,4,48,14
United States,2021-01-07,98,12384,1,1,1,0,2529,233503,1,889,95
United States,2020-11-12,0,12384,1,3,1,0,3,233503,1,3,2
Spain,2021-01-22,0,536,6,1,0,0,1,9491,7,0,0
France,2020-12-29,3,553,5,1,1,0,88,9520,6,41,5
Italy,2021-02-12,0,386,9,3,1,0,5,7897,11,5,0
Italy,2021-01-17,1,386,9,1,1,1,0,7897,11,0,0
Spain,2020-12-21,0,536,6,1,1,1,15,9491,7,4,1
France,2021-01-17,0,553,5,7,1,0,6,9520,6,0,0
Canada,2020-11-25,0,2067,3,1,1,1,34,37914,3,21,5
France,2021-01-04,2,553,5,1,0,0,1,9520,6,0,0
India,2021-02-05,0,2687,2,7,1,0,3,51189,2,0,0
Canada,2021-01-16,1,2067,3,7,1,1,2,37914,3,2,0
Singapore,2021-01-25,2,375,10,1,1,1,7,8899,10,3,0
India,2020-12-14,0,2687,2,7,1,1,3,51189,2,0,0
Singapore,2021-02-22,0,375,10,1,1,0,15,8899,10,1,0
Taiwan,2020-11-01,1,500,7,1,0,1,0,9189,9,0,0
Canada,2021-01-09,1,2067,3,1,0,1,4,37914,3,0,0
Singapore,2020-11-23,1,375,10,1,1,1,10,8899,10,8,0
Singapore,2020-11-26,3,375,10,1,1,1,8,8899,10,3,0
Spain,2020-11-10,4,536,6,1,1,0,36,9491,7,16,5
China,2020-12-29,1,490,8,1,1,1,5,10181,5,5,1
Spain,2021-01-18,4,536,6,1,1,0,82,9491,7,9,2
India,2020-11-21,15,2687,2,1,1,0,352,51189,2,114,12
United States,2020-12-06,12,12384,1,1,1,1,231,233503,1,107,16
Germany,2020-12-14,1,490,8,1,0,0,1,9483,8,1,0
United States,2021-02-10,0,12384,1,1,1,0,1311,233503,1,443,42
India,2020-12-18,10,2687,2,1,0,0,17,51189,2,8,0
Italy,2020-11-12,0,386,9,7,1,1,3,7897,11,2,2
Taiwan,2020-12-09,2,500,7,1,1,1,9,9189,9,2,1
United States,2021-01-02,23,12384,1,1,0,0,21,233503,1,9,0
China,2021-01-07,1,490,8,1,1,1,8,10181,5,1,0
United States,2020-12-08,133,12384,1,1,1,0,2286,233503,1,708,80
Spain,2021-01-07,1,536,6,1,0,1,1,9491,7,0,0
France,2020-12-20,3,553,5,1,0,0,3,9520,6,0,0
United Kingdom,2020-12-30,0,859,4,1,0,1,7,15748,4,0,0
United States,2021-02-01,0,12384,1,7,1,0,13,233503,1,7,2
Taiwan,2020-11-30,1,500,7,1,1,0,90,9189,9,36,5
Singapore,2020-12-19,3,375,10,1,1,0,74,8899,10,15,1
Germany,2020-12-13,2,490,8,1,1,0,111,9483,8,24,3
France,2020-12-11,1,553,5,1,0,0,1,9520,6,0,0
Singapore,2020-11-07,0,375,10,1,0,1,1,8899,10,0,0
Germany,2020-12-30,2,490,8,1,0,0,0,9483,8,0,0
United States,2021-02-01,0,12384,1,1,0,0,3,233503,1,0,0
India,2020-12-19,0,2687,2,7,1,1,3,51189,2,0,0
India,2020-12-01,13,2687,2,1,1,0,480,51189,2,156,17
Singapore,2020-11-09,3,375,10,1,1,0,23,8899,10,5,0
Taiwan,2020-12-09,5,500,7,1,0,0,3,9189,9,2,0
Italy,2021-02-06,0,386,9,7,1,1,5,7897,11,0,0
Germany,2020-11-13,3,490,8,1,1,0,39,9483,8,20,2
Germany,2021-01-27,1,490,8,1,1,1,5,9483,8,2,0
Spain,2020-11-15,2,536,6,1,1,0,49,9491,7,7,2
United Kingdom,2021-01-25,2,859,4,1,0,0,1,15748,4,0,0
United States,2020-11-06,28,12384,1,1,1,1,49,233503,1,39,5
China,2021-02-06,0,490,8,1,1,1,3,10181,5,3,0
United States,2020-11-05,1,12384,1,3,1,0,6,233503,1,6,4
Taiwan,2020-11-26,0,500,7,7,1,0,2,9189,9,2,0
Canada,2021-02-01,0,2067,3,1,1,0,284,37914,3,73,8
Spain,2021-01-10,2,536,6,1,0,0,0,9491,7,0,0
Germany,2020-12-16,0,490,8,1,1,1,11,9483,8,6,0
France,2021-01-12,2,553,5,1,0,0,2,9520,6,0,0
Canada,2021-01-18,0,2067,3,3,1,0,3,37914,3,3,0
India,2021-01-14,18,2687,2,1,1,0,499,51189,2,203,18
India,2021-01-22,0,2687,2,7,1,0,3,51189,2,1,0
United States,2020-11-05,65,12384,1,1,1,0,418,233503,1,167,26
India,2020-12-11,0,2687,2,3,1,0,1,51189,2,0,0
United States,2020-11-24,1,12384,1,1,0,1,4,233503,1,2,1
United States,2021-01-14,41,12384,1,1,0,0,32,233503,1,7,0
India,2021-02-06,0,2687,2,3,1,0,1,51189,2,1,0
Canada,2020-11-29,2,2067,3,1,0,0,1,37914,3,0,0
China,2021-01-26,1,490,8,1,1,1,3,10181,5,2,0
China,2020-11-06,3,490,8,1,1,0,7,10181,5,1,1
Germany,2020-12-03,3,490,8,1,1,0,67,9483,8,24,4
Italy,2020-11-10,5,386,9,1,1,0,12,7897,11,2,0
United States,2020-12-25,33,12384,1,1,0,0,34,233503,1,11,2
Germany,2020-11-01,2,490,8,1,0,0,2,9483,8,2,0
Taiwan,2020-11-27,0,500,7,7,1,0,2,9189,9,2,0
China,2020-12-03,3,490,8,1,0,0,2,10181,5,1,0
United Kingdom,2021-01-14,6,859,4,1,1,0,171,15748,4,56,5
Canada,2021-01-24,2,2067,3,1,1,1,28,37914,3,20,0
Canada,2020-11-28,7,2067,3,1,0,0,2,37914,3,0,0
United Kingdom,2020-12-09,0,859,4,7,1,0,6,15748,4,0,0
India,2020-12-02,11,2687,2,1,0,0,5,51189,2,0,0
India,2020-11-19,0,2687,2,7,1,1,7,51189,2,0,0
Canada,2021-01-28,0,2067,3,1,0,0,2,37914,3,1,0
Taiwan,2021-01-24,3,500,7,1,1,0,90,9189,9,24,3
Italy,2020-11-02,1,386,9,1,1,1,0,7897,11,0,0
China,2021-02-20,0,490,8,1,1,0,22,10181,5,6,2
Italy,2020-11-18,1,386,9,1,0,0,0,7897,11,0,0
United Kingdom,2020-11-30,3,859,4,1,0,0,3,15748,4,2,0
Italy,2021-01-08,2,386,9,1,1,0,112,7897,11,50,5
Singapore,2020-11-10,2,375,10,1,0,0,1,8899,10,0,0
France,2020-12-17,6,553,5,1,0,0,2,9520,6,0,0
Canada,2020-12-17,0,2067,3,7,1,0,9,37914,3,0,0
United States,2021-01-15,0,12384,1,2,1,0,1,233503,1,0,0
India,2020-12-17,0,2687,2,3,1,0,1,51189,2,0,0
United States,2020-12-07,3,12384,1,1,0,1,8,233503,1,2,2
Italy,2021-02-01,0,386,9,1,1,0,64,7897,11,20,0
United Kingdom,2021-01-14,0,859,4,7,1,0,11,15748,4,1,0
India,2021-01-21,0,2687,2,7,1,0,2,51189,2,1,0
Italy,2020-11-08,1,386,9,1,0,0,2,7897,11,2,0
United States,2020-12-06,2,12384,1,1,0,1,6,233503,1,2,1
Italy,2020-11-28,2,386,9,1,1,0,63,7897,11,28,6
United States,2020-12-31,43,12384,1,1,1,0,2493,233503,1,800,76
United Kingdom,2021-02-09,0,859,4,1,1,1,5,15748,4,2,0
United States,2021-02-01,0,12384,1,1,1,0,2160,233503,1,735,61
Canada,2021-01-08,1,2067,3,1,0,1,3,37914,3,0,0
United Kingdom,2020-12-24,1,859,4,1,1,0,184,15748,4,47,4
Italy,2020-12-30,2,386,9,1,1,0,85,7897,11,35,1
India,2020-11-10,9,2687,2,1,0,0,3,51189,2,1,0
India,2021-02-07,0,2687,2,7,1,0,2,51189,2,0,0
India,2020-12-22,1,2687,2,7,1,1,3,51189,2,0,0
United States,2021-01-15,0,12384,1,3,1,0,3,233503,1,3,3
Italy,2021-01-12,2,386,9,1,0,0,2,7897,11,1,0
Singapore,2021-01-23,1,375,10,1,1,1,2,8899,10,1,0
United Kingdom,2020-12-23,0,859,4,1,1,0,191,15748,4,62,15
Canada,2021-02-18,0,2067,3,1,0,0,5,37914,3,0,0
Spain,2020-12-01,4,536,6,1,1,0,120,9491,7,47,8
Spain,2021-01-04,2,536,6,1,0,0,0,9491,7,0,0
Singapore,2020-11-12,1,375,10,1,1,1,0,8899,10,0,0
India,2020-12-25,8,2687,2,1,1,0,569,51189,2,150,14
Italy,2021-01-22,1,386,9,1,1,1,5,7897,11,5,0
Italy,2021-01-07,2,386,9,1,1,1,12,7897,11,3,0
Germany,2020-12-07,1,490,8,1,0,0,1,9483,8,0,0
United Kingdom,2021-02-16,0,859,4,1,1,0,35,15748,4,10,1
Italy,2021-01-06,1,386,9,1,1,1,12,7897,11,1,0
Canada,2020-11-15,6,2067,3,1,0,0,0,37914,3,0,0
France,2021-01-19,0,553,5,3,1,0,2,9520,6,0,0
United Kingdom,2020-11-17,2,859,4,1,1,1,7,15748,4,5,1
France,2021-01-06,5,553,5,1,1,0,92,9520,6,39,1
Germany,2020-12-07,1,490,8,1,1,1,0,9483,8,0,0
Canada,2021-01-06,6,2067,3,1,1,1,43,37914,3,27,2
Singapore,2020-11-10,6,375,10,1,1,0,25,8899,10,11,2
Singapore,2021-01-28,0,375,10,1,0,0,1,8899,10,0,0
Singapore,2021-02-03,0,375,10,2,1,0,3,8899,10,0,0
Singapore,2020-12-11,3,375,10,1,1,0,82,8899,10,21,1
Italy,2020-12-05,0,386,9,1,1,1,6,7897,11,4,0
France,2021-01-26,2,553,5,1,1,1,2,9520,6,2,0
Singapore,2020-11-26,1,375,10,1,1,0,76,8899,10,19,2
Spain,2020-11-25,1,536,6,1,0,0,1,9491,7,1,0
United States,2021-01-21,0,12384,1,7,1,0,28,233503,1,13,3
United States,2020-11-26,73,12384,1,1,1,0,1813,233503,1,609,84
France,2021-01-04,0,553,5,7,1,0,3,9520,6,0,0
Spain,2020-12-28,3,536,6,1,1,0,125,9491,7,44,5
United Kingdom,2021-01-18,1,859,4,1,1,1,14,15748,4,14,0
Italy,2021-02-10,0,386,9,7,1,1,5,7897,11,0,0
United States,2020-11-25,0,12384,1,3,1,0,6,233503,1,6,2
Italy,2020-12-25,0,386,9,1,1,1,26,7897,11,7,0
United Kingdom,2020-12-05,7,859,4,1,1,0,158,15748,4,72,16
Germany,2021-01-29,0,490,8,1,1,1,10,9483,8,3,0
China,2021-01-28,0,490,8,1,1,0,130,10181,5,41,2
France,2021-01-13,0,553,5,7,1,0,6,9520,6,0,0
India,2021-01-09,3,2687,2,1,1,1,52,51189,2,30,3
Canada,2020-12-31,7,2067,3,1,0,0,3,37914,3,2,0
United States,2020-11-28,32,12384,1,1,0,0,25,233503,1,10,0
Singapore,2020-12-07,1,375,10,1,1,0,67,8899,10,14,3
United Kingdom,2021-02-07,0,859,4,1,1,0,121,15748,4,46,6
Italy,2020-11-05,3,386,9,1,1,0,10,7897,11,5,1
Italy,2020-11-16,0,386,9,7,1,1,6,7897,11,0,0
Canada,2020-11-15,1,2067,3,2,1,0,0,37914,3,0,0
India,2020-11-01,9,2687,2,1,1,0,4,51189,2,2,1
India,2020-12-05,10,2687,2,1,1,0,545,51189,2,169,22
Spain,2021-01-27,2,536,6,1,0,0,0,9491,7,0,0
China,2021-01-21,8,490,8,1,1,0,120,10181,5,55,7
Canada,2021-01-22,7,2067,3,1,0,0,6,37914,3,2,0
United States,2021-01-31,0,12384,1,1,0,1,6,233503,1,0,0
United States,2021-02-18,0,12384,1,7,1,1,4,233503,1,0,0
Taiwan,2020-11-11,0,500,7,1,1,1,6,9189,9,2,1
Spain,2020-11-24,1,536,6,1,0,1,0,9491,7,0,0
Singapore,2021-02-23,0,375,10,7,1,0,1,8899,10,0,0
United Kingdom,2020-11-19,8,859,4,1,1,0,82,15748,4,23,6
India,2021-02-03,0,2687,2,1,0,1,3,51189,2,0,0
Taiwan,2020-11-25,1,500,7,1,1,1,0,9189,9,0,0
Singapore,2021-01-20,1,375,10,1,0,0,0,8899,10,0,0
India,2021-01-28,0,2687,2,7,1,0,2,51189,2,1,0
United States,2021-02-22,0,12384,1,1,1,0,245,233503,1,77,6
Italy,2021-01-09,0,386,9,1,0,0,1,7897,11,0,0
Singapore,2020-12-15,3,375,10,1,1,0,72,8899,10,14,2
China,2020-11-17,2,490,8,1,0,0,1,10181,5,0,0
Taiwan,2021-02-05,0,500,7,1,1,0,48,9189,9,22,2
France,2020-12-27,0,553,5,1,1,1,25,9520,6,18,0
Singapore,2021-01-26,1,375,10,1,1,0,112,8899,10,21,2
China,2021-02-08,0,490,8,1,1,0,56,10181,5,14,7
United Kingdom,2021-02-22,0,859,4,1,1,0,13,15748,4,5,0
United Kingdom,2021-01-25,0,859,4,7,1,0,4,15748,4,2,0
China,2020-11-11,0,490,8,1,1,1,9,10181,5,9,0
China,2020-12-15,0,490,8,7,1,1,5,10181,5,5,0
Spain,2021-01-01,1,536,6,1,1,1,2,9491,7,0,0
Singapore,2021-02-03,0,375,10,1,1,1,3,8899,10,3,0
Spain,2020-11-20,5,536,6,1,1,0,86,9491,7,28,3
United States,2020-12-23,33,12384,1,1,0,0,23,233503,1,11,0
Italy,2020-11-14,1,386,9,1,1,1,0,7897,11,0,0
France,2020-12-29,0,553,5,7,1,1,7,9520,6,0,0
India,2021-01-28,0,2687,2,1,1,0,441,51189,2,159,14
Spain,2021-01-10,1,536,6,1,1,1,12,9491,7,8,0
India,2020-11-29,1,2687,2,1,0,1,5,51189,2,0,0
Singapore,2020-11-15,0,375,10,1,0,0,1,8899,10,0,0
Spain,2021-01-16,4,536,6,1,1,0,77,9491,7,21,3
France,2020-12-22,1,553,5,1,0,0,0,9520,6,0,0
United Kingdom,2020-11-13,3,859,4,1,1,0,48,15748,4,21,5
China,2021-01-16,1,490,8,1,1,1,4,10181,5,2,0
France,2020-12-25,1,553,5,1,0,0,2,9520,6,0,0
United States,2020-12-01,31,12384,1,1,1,1,222,233503,1,131,20
United States,2020-12-24,48,12384,1,1,1,0,2619,233503,1,887,92
United States,2020-12-21,3,12384,1,1,0,1,4,233503,1,0,0
United States,2021-01-26,0,12384,1,3,1,0,1,233503,1,1,1
France,2021-02-20,0,553,5,1,1,0,23,9520,6,16,3
China,2020-12-13,5,490,8,1,1,0,102,10181,5,37,8
Germany,2020-12-09,2,490,8,1,0,0,0,9483,8,0,0
Taiwan,2021-02-01,0,500,7,1,1,0,60,9189,9,10,0
Canada,2021-01-12,21,2067,3,1,1,0,297,37914,3,101,10
United States,2020-12-14,22,12384,1,1,1,1,206,233503,1,121,14
United States,2020-11-13,0,12384,1,2,1,0,2,233503,1,1,0
United States,2020-11-15,0,12384,1,7,1,0,14,233503,1,9,1
Italy,2020-12-23,0,386,9,1,1,1,26,7897,11,5,2
Taiwan,2020-12-21,3,500,7,1,1,0,105,9189,9,27,0
Taiwan,2021-01-20,1,500,7,1,0,0,0,9189,9,0,0
Germany,2020-12-19,3,490,8,1,1,0,104,9483,8,39,2
Italy,2021-01-27,3,386,9,1,1,1,6,7897,11,2,0
India,2021-01-31,0,2687,2,1,1,0,401,51189,2,126,10
Singapore,2020-11-13,1,375,10,1,1,1,2,8899,10,2,0
Singapore,2020-11-17,2,375,10,1,0,0,1,8899,10,0,0
Singapore,2021-01-25,2,375,10,1,1,0,116,8899,10,23,2
Singapore,2021-02-18,0,375,10,1,1,0,35,8899,10,15,0
United States,2020-12-11,60,12384,1,1,0,0,35,233503,1,9,0
Germany,2021-01-05,0,490,8,2,1,0,6,9483,8,1,0
United States,2020-11-30,0,12384,1,7,1,0,21,233503,1,13,2
United States,2021-01-13,42,12384,1,1,0,0,27,233503,1,7,0
Canada,2020-11-04,11,2067,3,1,1,0,39,37914,3,9,2
Spain,2020-11-17,1,536,6,7,1,1,0,9491,7,0,0
Spain,2021-01-08,4,536,6,1,0,0,5,9491,7,4,0
France,2021-01-13,3,553,5,1,0,0,1,9520,6,0,0
United States,2020-11-14,18,12384,1,1,0,0,15,233503,1,6,0
United States,2020-12-04,17,12384,1,1,1,1,224,233503,1,115,12
United States,2021-01-24,1,12384,1,7,1,0,20,233503,1,5,0
United States,2020-11-29,39,12384,1,1,0,0,23,233503,1,3,0
France,2021-02-23,0,553,5,1,1,0,10,9520,6,7,1
United States,2020-12-04,94,12384,1,1,1,0,2151,233503,1,707,90
Singapore,2020-12-24,1,375,10,1,0,0,0,8899,10,0,0
Taiwan,2021-01-31,0,500,7,1,1,0,60,9189,9,12,0
Taiwan,2020-11-23,1,500,7,1,1,0,83,9189,9,27,1
France,2021-02-04,0,553,5,1,1,1,3,9520,6,0,0
Taiwan,2020-12-21,0,500,7,1,1,1,6,9189,9,4,0
Italy,2021-01-26,0,386,9,7,1,1,5,7897,11,0,0
Singapore,2021-02-02,0,375,10,1,1,1,6,8899,10,6,0
Singapore,2021-02-16,0,375,10,7,1,0,1,8899,10,0,0
Singapore,2021-01-05,0,375,10,2,1,0,4,8899,10,0,0
United States,2021-01-09,20,12384,1,1,1,1,158,233503,1,76,12
United States,2020-11-09,0,12384,1,7,1,0,16,233503,1,11,0
Spain,2021-02-14,0,536,6,1,1,0,19,9491,7,1,0
Canada,2021-01-07,0,2067,3,7,1,0,1,37914,3,0,0
Germany,2020-12-30,2,490,8,1,1,1,5,9483,8,3,1
India,2020-12-01,0,2687,2,7,1,1,8,51189,2,8,0
Singapore,2020-11-21,0,375,10,1,1,1,12,8899,10,8,0
Spain,2020-12-03,3,536,6,1,0,0,1,9491,7,1,0
India,2021-01-12,18,2687,2,1,1,0,488,51189,2,207,18
Singapore,2021-01-27,0,375,10,2,1,0,1,8899,10,0,0
Taiwan,2020-12-18,3,500,7,1,0,0,1,9189,9,0,0
Singapore,2020-11-08,2,375,10,1,1,0,19,8899,10,10,1
France,2021-01-18,0,553,5,1,1,1,3,9520,6,1,0
Singapore,2020-12-23,0,375,10,1,1,1,3,8899,10,2,0
France,2021-02-07,0,553,5,1,1,0,89,9520,6,33,4
France,2021-01-30,0,553,5,1,0,0,1,9520,6,0,0
India,2021-01-09,0,2687,2,7,1,0,5,51189,2,4,2
United Kingdom,2021-01-19,3,859,4,1,0,0,2,15748,4,0,0
India,2021-01-10,1,2687,2,7,1,0,3,51189,2,3,1
Canada,2021-02-07,0,2067,3,1,1,0,214,37914,3,54,2
Germany,2020-12-21,1,490,8,1,0,0,1,9483,8,0,0
France,2020-12-28,1,553,5,1,0,1,2,9520,6,0,0
United Kingdom,2021-01-14,0,859,4,1,0,1,7,15748,4,0,0
United States,2021-01-14,7,12384,1,1,0,1,16,233503,1,6,1
Germany,2021-01-24,4,490,8,1,1,0,96,9483,8,33,6
United States,2020-11-25,1,12384,1,2,1,1,0,233503,1,0,0
Canada,2020-12-30,0,2067,3,3,1,0,13,37914,3,10,0
United States,2020-11-26,42,12384,1,1,0,0,18,233503,1,6,0
India,2021-02-16,0,2687,2,1,1,1,12,51189,2,4,0
United States,2021-01-31,0,12384,1,7,1,0,14,233503,1,9,1
India,2021-02-11,0,2687,2,1,1,0,198,51189,2,76,10
United States,2020-12-09,1,12384,1,3,1,1,0,233503,1,0,0
United Kingdom,2021-01-20,4,859,4,1,0,0,6,15748,4,0,0
Singapore,2021-01-22,1,375,10,2,1,0,2,8899,10,2,1
Canada,2021-01-02,7,2067,3,1,0,0,4,37914,3,1,0
Taiwan,2020-11-17,1,500,7,1,1,0,50,9189,9,13,2
Spain,2020-12-13,3,536,6,1,1,0,85,9491,7,23,4
Taiwan,2021-02-24,0,500,7,1,1,0,15,9189,9,8,0
Italy,2020-11-19,0,386,9,1,1,0,39,7897,11,16,7
United States,2020-12-24,0,12384,1,7,1,0,18,233503,1,5,4
Canada,2021-02-15,0,2067,3,1,0,0,5,37914,3,0,0
China,2020-12-29,1,490,8,1,0,0,1,10181,5,0,0
India,2020-12-21,11,2687,2,1,1,0,637,51189,2,203,16
Canada,2021-01-13,0,2067,3,7,1,0,1,37914,3,0,0
United States,2020-12-21,89,12384,1,1,1,0,2694,233503,1,938,87
France,2020-12-29,2,553,5,7,1,0,6,9520,6,3,1
United States,2020-11-01,29,12384,1,1,0,0,20,233503,1,3,0
United Kingdom,2021-01-22,3,859,4,1,1,0,163,15748,4,32,5
France,2020-12-10,1,553,5,1,0,0,0,9520,6,0,0
Singapore,2021-01-18,0,375,10,1,1,1,9,8899,10,6,0
United States,2021-01-15,79,12384,1,1,1,0,2252,233503,1,766,85
India,2021-01-17,0,2687,2,1,0,1,6,51189,2,5,0
India,2020-12-11,22,2687,2,1,1,0,555,51189,2,168,19
United States,2020-11-08,1,12384,1,7,1,0,14,233503,1,10,0
United States,2021-01-22,96,12384,1,1,1,0,2313,233503,1,770,93
Italy,2020-12-29,1,386,9,1,0,0,0,7897,11,0,0
France,2020-11-07,4,553,5,1,0,0,3,9520,6,1,0
Germany,2020-11-23,1,490,8,1,1,0,41,9483,8,23,2
Spain,2021-02-05,0,536,6,1,1,1,5,9491,7,0,0
China,2020-12-16,1,490,8,3,1,0,0,10181,5,0,0
Taiwan,2020-12-04,0,500,7,7,1,0,1,9189,9,0,0
India,2021-02-25,0,2687,2,7,1,0,1,51189,2,0,0
Canada,2020-12-22,3,2067,3,1,1,1,31,37914,3,17,2
Germany,2020-11-25,2,490,8,1,1,0,46,9483,8,27,2
Singapore,2020-12-04,2,375,10,1,0,0,2,8899,10,0,0
India,2021-02-09,0,2687,2,1,1,0,240,51189,2,73,7
United States,2020-12-07,31,12384,1,1,1,1,252,233503,1,116,13
India,2021-01-01,4,2687,2,1,0,0,3,51189,2,3,0
France,2020-12-12,3,553,5,1,0,0,1,9520,6,1,0
China,2021-01-26,1,490,8,1,0,1,0,10181,5,0,0
France,2020-12-18,4,553,5,1,1,0,106,9520,6,30,4
Canada,2020-11-23,1,2067,3,7,1,1,0,37914,3,0,0
France,2021-02-05,0,553,5,1,1,0,95,9520,6,27,1
India,2021-01-14,10,2687,2,1,1,1,37,51189,2,14,0
United States,2020-11-12,0,12384,1,2,1,0,2,233503,1,1,0
Canada,2020-12-03,2,2067,3,1,0,1,0,37914,3,0,0
Spain,2020-12-04,0,536,6,1,0,1,3,9491,7,0,0
China,2020-12-24,0,490,8,7,1,1,4,10181,5,4,0
United States,2020-11-28,0,12384,1,3,1,1,5,233503,1,3,1
Spain,2020-11-03,5,536,6,1,1,0,17,9491,7,5,3
Taiwan,2021-01-03,0,500,7,1,1,1,6,9189,9,2,0
India,2021-01-25,11,2687,2,1,1,1,52,51189,2,36,7
United Kingdom,2020-12-18,5,859,4,1,1,1,23,15748,4,9,1
Taiwan,2020-11-21,3,500,7,1,1,0,67,9189,9,29,2
Canada,2021-01-13,6,2067,3,1,1,1,59,37914,3,29,6
United States,2020-11-05,1,12384,1,7,1,1,8,233503,1,8,3
Germany,2021-01-19,0,490,8,7,1,1,4,9483,8,0,0
Italy,2020-11-13,0,386,9,7,1,1,6,7897,11,1,1
Spain,2021-01-11,6,536,6,1,1,0,78,9491,7,22,2
United States,2021-02-03,0,12384,1,1,1,1,185,233503,1,51,5
Taiwan,2020-11-05,2,500,7,1,1,1,0,9189,9,0,0
Italy,2020-11-02,2,386,9,1,1,0,0,7897,11,0,0
India,2021-02-02,0,2687,2,3,1,0,2,51189,2,1,0
Singapore,2020-12-01,3,375,10,1,1,0,63,8899,10,11,1
India,2020-11-29,7,2687,2,1,0,0,5,51189,2,1,0
Germany,2021-01-17,0,490,8,1,1,0,120,9483,8,34,5
United States,2021-01-27,63,12384,1,1,1,0,2408,233503,1,851,90
Italy,2020-11-03,2,386,9,1,0,0,2,7897,11,1,0
Italy,2021-01-14,2,386,9,1,1,1,5,7897,11,1,0
India,2021-01-03,2,2687,2,1,0,0,1,51189,2,1,0
United States,2021-02-03,0,12384,1,1,0,0,3,233503,1,0,0
Canada,2021-01-26,11,2067,3,1,1,0,315,37914,3,102,10
Canada,2020-11-23,14,2067,3,1,1,0,263,37914,3,90,9
Germany,2020-12-17,0,490,8,2,1,0,4,9483,8,0,0
United States,2020-11-03,2,12384,1,7,1,0,0,233503,1,0,0
Spain,2020-12-14,1,536,6,1,1,1,2,9491,7,2,0
Canada,2020-11-01,5,2067,3,1,0,0,0,37914,3,0,0
France,2020-11-16,1,553,5,1,0,0,0,9520,6,0,0
India,2021-01-11,9,2687,2,1,0,0,6,51189,2,4,0
United States,2021-02-04,0,12384,1,1,1,0,1900,233503,1,656,48
Taiwan,2020-11-02,5,500,7,1,1,0,0,9189,9,0,0
France,2020-11-17,2,553,5,1,1,1,1,9520,6,1,1
Taiwan,2020-11-20,1,500,7,1,0,1,2,9189,9,2,0
France,2021-01-15,0,553,5,3,1,0,8,9520,6,1,0
Italy,2020-11-18,1,386,9,1,1,0,47,7897,11,16,2
United States,2020-11-03,4,12384,1,1,0,1,1,233503,1,0,0
Spain,2020-12-19,4,536,6,1,1,0,102,9491,7,25,2
Canada,2020-12-09,12,2067,3,1,0,0,6,37914,3,1,0
Canada,2021-02-16,0,2067,3,7,1,0,1,37914,3,0,0
United Kingdom,2020-12-29,1,859,4,1,0,1,6,15748,4,4,0
United States,2020-11-17,0,12384,1,2,1,0,2,233503,1,0,0
Spain,2021-01-04,2,536,6,1,1,0,127,9491,7,36,4
Canada,2020-11-13,6,2067,3,1,0,0,2,37914,3,0,0
United Kingdom,2020-11-09,6,859,4,1,0,0,6,15748,4,3,0
France,2021-01-09,1,553,5,1,1,0,97,9520,6,34,3
Singapore,2020-11-30,1,375,10,1,1,1,7,8899,10,2,0
Italy,2020-12-30,1,386,9,1,1,1,18,7897,11,8,2
Singapore,2020-11-27,1,375,10,1,1,1,10,8899,10,3,0
United States,2020-11-25,0,12384,1,7,1,0,16,233503,1,10,2
Italy,2020-11-06,1,386,9,1,0,0,2,7897,11,1,0
Canada,2021-02-08,0,2067,3,1,0,0,5,37914,3,0,0
Taiwan,2020-12-02,1,500,7,1,0,0,0,9189,9,0,0
Singapore,2021-02-01,0,375,10,2,1,0,3,8899,10,1,0
Taiwan,2021-01-07,1,500,7,1,0,0,0,9189,9,0,0
France,2020-11-05,1,553,5,1,1,0,4,9520,6,3,0
China,2020-12-20,1,490,8,1,1,0,135,10181,5,50,8
United States,2020-12-14,1,12384,1,1,0,1,1,233503,1,0,0
Taiwan,2020-12-16,7,500,7,1,1,0,97,9189,9,30,1
Canada,2020-12-15,0,2067,3,7,1,0,10,37914,3,1,0
Germany,2021-01-03,0,490,8,2,1,0,6,9483,8,1,0
Singapore,2020-12-28,0,375,10,2,1,0,4,8899,10,0,0
Germany,2021-02-23,0,490,8,1,1,0,26,9483,8,3,0
India,2020-11-04,3,2687,2,1,1,1,7,51189,2,4,0
United States,2020-11-23,1,12384,1,7,1,1,0,233503,1,0,0
Spain,2020-12-07,2,536,6,1,0,0,1,9491,7,0,0
France,2020-12-24,1,553,5,1,0,0,4,9520,6,0,0
Italy,2021-02-01,0,386,9,7,1,1,5,7897,11,0,0
Taiwan,2020-12-03,2,500,7,1,0,0,2,9189,9,2,0
China,2020-12-06,1,490,8,1,1,0,78,10181,5,33,3
France,2020-12-24,2,553,5,1,1,0,103,9520,6,45,2
China,2020-12-16,3,490,8,1,0,0,2,10181,5,1,0
United Kingdom,2020-12-03,5,859,4,1,0,0,3,15748,4,0,0
United Kingdom,2020-12-18,6,859,4,1,1,0,184,15748,4,39,6
Canada,2020-11-09,4,2067,3,1,1,1,9,37914,3,6,0
Spain,2020-12-22,2,536,6,1,1,0,135,9491,7,45,6
India,2021-01-04,12,2687,2,1,1,0,574,51189,2,230,29
India,2020-11-07,1,2687,2,1,1,1,5,51189,2,3,0
Germany,2020-12-06,2,490,8,1,1,0,75,9483,8,14,4
Italy,2020-12-12,0,386,9,1,0,0,1,7897,11,1,0
Italy,2020-12-30,1,386,9,1,0,0,2,7897,11,0,0
United States,2021-02-04,0,12384,1,1,1,1,177,233503,1,59,6
China,2021-02-04,0,490,8,1,1,0,99,10181,5,44,3
Germany,2021-01-20,0,490,8,7,1,1,3,9483,8,1,0
Canada,2020-11-25,13,2067,3,1,1,0,279,37914,3,87,12
France,2020-12-09,2,553,5,1,1,1,17,9520,6,2,1
United Kingdom,2020-12-24,0,859,4,1,1,1,18,15748,4,9,0
India,2021-01-02,3,2687,2,1,0,0,5,51189,2,1,0
China,2021-01-24,3,490,8,1,1,0,133,10181,5,57,6
China,2020-12-04,1,490,8,7,1,1,1,10181,5,1,0
Singapore,2021-01-12,1,375,10,1,0,0,0,8899,10,0,0
Singapore,2020-11-28,2,375,10,1,1,0,58,8899,10,10,0
India,2021-02-04,0,2687,2,7,1,0,2,51189,2,0,0
France,2020-12-21,3,553,5,1,0,0,5,9520,6,2,0
Taiwan,2020-12-15,1,500,7,1,1,1,5,9189,9,2,0
Singapore,2020-12-07,1,375,10,2,1,0,0,8899,10,0,0
Singapore,2020-11-08,0,375,10,1,1,1,7,8899,10,7,0
Italy,2020-11-19,0,386,9,7,1,1,6,7897,11,0,0
Italy,2020-11-11,1,386,9,1,0,0,0,7897,11,0,0
India,2020-11-02,15,2687,2,1,1,0,24,51189,2,10,3
China,2021-01-21,2,490,8,1,0,0,2,10181,5,2,0
Germany,2020-11-03,1,490,8,1,0,0,0,9483,8,0,0
United States,2020-11-18,22,12384,1,1,1,1,151,233503,1,71,5
India,2021-02-09,0,2687,2,3,1,0,1,51189,2,0,0
Italy,2020-12-09,1,386,9,1,1,0,83,7897,11,32,1
Singapore,2021-01-05,1,375,10,1,1,1,10,8899,10,4,0
Canada,2021-01-07,1,2067,3,7,1,1,2,37914,3,2,0
Germany,2021-01-17,2,490,8,1,0,0,3,9483,8,0,0
Spain,2020-11-26,1,536,6,1,1,1,3,9491,7,0,0
Italy,2021-02-17,0,386,9,1,1,0,26,7897,11,16,0
United States,2021-01-27,31,12384,1,1,0,0,28,233503,1,6,0
Canada,2020-11-27,1,2067,3,1,0,1,0,37914,3,0,0
India,2021-02-08,0,2687,2,3,1,0,2,51189,2,2,0
Germany,2021-01-16,1,490,8,1,1,1,2,9483,8,2,0
United Kingdom,2021-02-12,0,859,4,1,1,0,80,15748,4,25,1
United Kingdom,2020-11-28,1,859,4,1,0,1,0,15748,4,0,0
Singapore,2020-12-21,2,375,10,1,1,0,76,8899,10,7,1
United States,2021-01-11,1,12384,1,7,1,0,22,233503,1,9,0
Taiwan,2021-01-23,0,500,7,1,1,0,102,9189,9,24,2
United States,2021-01-30,0,12384,1,7,1,0,16,233503,1,10,2
Taiwan,2020-12-12,3,500,7,1,0,0,7,9189,9,3,0
Germany,2020-12-31,1,490,8,1,1,1,5,9483,8,3,0
Singapore,2021-01-11,0,375,10,1,1,1,11,8899,10,11,0
Canada,2020-11-07,7,2067,3,1,1,0,67,37914,3,17,3
United States,2020-11-21,30,12384,1,1,0,0,23,233503,1,7,0
Germany,2021-01-05,5,490,8,1,1,0,115,9483,8,28,2
Taiwan,2020-11-10,1,500,7,1,0,0,0,9189,9,0,0
Canada,2021-01-09,5,2067,3,1,0,0,4,37914,3,1,0
France,2021-01-13,5,553,5,1,1,0,90,9520,6,35,4
France,2021-01-27,0,553,5,3,1,0,3,9520,6,0,0
Singapore,2021-01-25,1,375,10,7,1,0,0,8899,10,0,0
France,2021-01-12,0,553,5,3,1,0,6,9520,6,6,1
Taiwan,2020-11-28,0,500,7,7,1,0,2,9189,9,2,0
India,2020-11-03,9,2687,2,1,1,1,7,51189,2,6,0
Spain,2020-12-31,1,536,6,1,1,1,6,9491,7,2,0
Taiwan,2020-12-13,1,500,7,1,1,1,12,9189,9,2,1
China,2020-11-14,1,490,8,1,1,1,4,10181,5,4,0
Italy,2020-12-27,0,386,9,1,1,0,74,7897,11,34,2
United Kingdom,2021-01-12,3,859,4,1,1,0,170,15748,4,56,7
Spain,2020-11-05,0,536,6,1,1,0,30,9491,7,12,4
China,2020-11-07,0,490,8,1,0,0,1,10181,5,0,0
Singapore,2021-01-08,3,375,10,1,1,0,120,8899,10,25,9
Taiwan,2020-12-26,5,500,7,1,1,0,93,9189,9,21,3
United Kingdom,2020-11-18,7,859,4,1,1,0,83,15748,4,30,4
Canada,2020-12-28,10,2067,3,1,1,0,424,37914,3,108,10
Germany,2020-11-28,0,490,8,1,1,0,51,9483,8,26,1
India,2020-12-04,7,2687,2,1,1,1,21,51189,2,8,3
Canada,2020-12-14,8,2067,3,1,0,0,16,37914,3,6,0
China,2020-12-08,2,490,8,1,0,0,3,10181,5,0,0
United States,2020-12-30,0,12384,1,3,1,0,5,233503,1,0,0
India,2020-11-30,15,2687,2,1,0,0,6,51189,2,2,0
United States,2020-12-19,60,12384,1,1,1,0,2734,233503,1,962,114
France,2020-12-10,1,553,5,1,1,1,17,9520,6,3,0
India,2021-01-02,14,2687,2,1,1,0,561,51189,2,197,25
United Kingdom,2020-12-06,1,859,4,1,1,1,0,15748,4,0,0
India,2020-11-14,11,2687,2,1,1,0,236,51189,2,90,10
Singapore,2020-12-15,1,375,10,1,1,1,3,8899,10,1,0
United States,2020-11-17,1,12384,1,7,1,0,12,233503,1,7,0
United Kingdom,2021-01-18,0,859,4,7,1,0,5,15748,4,0,0
Taiwan,2020-12-29,1,500,7,1,0,0,0,9189,9,0,0
India,2020-11-25,2,2687,2,1,1,1,42,51189,2,24,1
Germany,2020-12-17,6,490,8,1,1,0,107,9483,8,26,1
France,2021-01-20,7,553,5,1,1,0,114,9520,6,35,5
India,2020-12-16,12,2687,2,1,0,0,14,51189,2,9,1
Canada,2021-01-27,2,2067,3,1,0,0,2,37914,3,0,0
China,2020-12-18,2,490,8,1,1,1,13,10181,5,11,2
Italy,2020-11-22,1,386,9,1,1,0,47,7897,11,21,5
United States,2021-01-06,0,12384,1,7,1,0,19,233503,1,10,1
India,2021-02-18,0,2687,2,1,1,0,130,51189,2,41,2
China,2021-01-13,2,490,8,1,0,0,0,10181,5,0,0
India,2020-11-04,6,2687,2,1,0,0,3,51189,2,0,0
China,2020-11-13,3,490,8,1,1,1,7,10181,5,5,0
Germany,2020-12-28,0,490,8,2,1,0,7,9483,8,6,0
United States,2021-02-06,0,12384,1,1,1,0,1678,233503,1,592,43
United Kingdom,2021-02-13,0,859,4,1,1,1,5,15748,4,5,1
India,2020-12-29,4,2687,2,1,0,0,4,51189,2,1,0
United States,2020-11-30,32,12384,1,1,1,1,213,233503,1,119,15
United States,2021-01-10,29,12384,1,1,0,0,24,233503,1,10,0
Spain,2021-01-19,2,536,6,1,1,0,71,9491,7,6,1
United Kingdom,2021-02-01,0,859,4,1,1,1,6,15748,4,6,1
India,2021-01-30,0,2687,2,1,1,1,48,51189,2,34,5
Spain,2021-01-04,1,536,6,1,1,1,2,9491,7,0,0
Canada,2021-01-31,0,2067,3,1,1,1,15,37914,3,4,2
United States,2020-11-13,36,12384,1,1,0,0,32,233503,1,8,0
Taiwan,2021-02-19,0,500,7,1,1,0,30,9189,9,19,1
Canada,2020-11-29,4,2067,3,1,1,1,20,37914,3,20,5
India,2020-11-23,1,2687,2,7,1,1,0,51189,2,0,0
China,2020-12-12,0,490,8,1,1,1,9,10181,5,8,0
Canada,2020-12-15,17,2067,3,1,1,0,487,37914,3,180,23
United States,2020-11-12,1,12384,1,7,1,1,15,233503,1,15,1
India,2020-11-07,1,2687,2,2,1,1,0,51189,2,0,0
Singapore,2020-11-26,1,375,10,1,0,0,0,8899,10,0,0
United States,2020-11-10,1,12384,1,2,1,0,2,233503,1,2,0
United States,2021-01-08,2,12384,1,7,1,1,11,233503,1,6,0
Taiwan,2021-01-03,2,500,7,1,0,0,0,9189,9,0,0
Italy,2020-11-05,1,386,9,7,1,1,0,7897,11,0,0
India,2021-02-01,0,2687,2,1,1,0,390,51189,2,119,16
Singapore,2020-12-14,1,375,10,1,1,0,75,8899,10,9,0
United States,2020-12-10,0,12384,1,3,1,0,10,233503,1,8,1
France,2021-01-27,4,553,5,1,1,0,131,9520,6,36,6
Spain,2021-01-10,2,536,6,1,1,0,75,9491,7,21,2
Canada,2020-12-13,3,2067,3,1,1,1,54,37914,3,45,12
Canada,2020-11-21,0,2067,3,1,0,1,3,37914,3,0,0
United States,2020-12-05,1,12384,1,1,0,1,4,233503,1,2,1
Canada,2021-02-06,0,2067,3,7,1,1,1,37914,3,0,0
Spain,2021-01-09,0,536,6,1,0,0,1,9491,7,0,0
Germany,2021-01-12,0,490,8,2,1,0,4,9483,8,0,0
Canada,2021-02-14,0,2067,3,1,0,0,5,37914,3,0,0
Taiwan,2021-01-14,1,500,7,1,1,1,13,9189,9,5,0
India,2020-11-26,9,2687,2,1,1,0,436,51189,2,130,18
United States,2020-11-11,0,12384,1,7,1,1,15,233503,1,14,3
United States,2021-01-09,1,12384,1,1,0,1,3,233503,1,1,0
Canada,2020-12-16,0,2067,3,7,1,0,9,37914,3,1,0
Italy,2021-01-25,0,386,9,3,1,0,7,7897,11,7,0
Germany,2020-12-25,2,490,8,1,1,0,107,9483,8,27,0
China,2020-11-02,1,490,8,1,1,0,5,10181,5,0,0
China,2020-11-13,5,490,8,1,1,0,18,10181,5,15,0
Taiwan,2020-11-24,1,500,7,7,1,0,3,9189,9,3,3
Canada,2021-01-07,2,2067,3,1,1,1,43,37914,3,27,4
Canada,2021-01-23,0,2067,3,7,1,0,1,37914,3,0,0
Singapore,2020-11-14,2,375,10,1,1,1,8,8899,10,7,0
France,2021-01-14,0,553,5,7,1,0,6,9520,6,1,0
Canada,2021-01-08,0,2067,3,7,1,0,3,37914,3,3,1
United States,2020-11-04,3,12384,1,1,0,1,3,233503,1,0,0
Spain,2020-11-29,7,536,6,1,1,0,122,9491,7,41,4
Taiwan,2021-01-21,2,500,7,1,1,0,101,9189,9,14,1
Germany,2021-01-15,0,490,8,7,1,1,4,9483,8,0,0
China,2020-12-21,3,490,8,1,1,0,139,10181,5,50,8
Canada,2021-01-01,1,2067,3,1,0,0,3,37914,3,0,0
Singapore,2021-02-15,0,375,10,7,1,0,2,8899,10,1,1
Spain,2021-02-13,0,536,6,1,1,0,24,9491,7,5,1
India,2021-02-16,0,2687,2,7,1,0,1,51189,2,0,0
Singapore,2020-12-12,1,375,10,1,1,1,14,8899,10,7,2
Germany,2021-01-16,0,490,8,7,1,1,3,9483,8,0,0
United Kingdom,2020-11-16,6,859,4,1,1,0,58,15748,4,14,2
Italy,2021-01-21,0,386,9,3,1,0,3,7897,11,3,1
Spain,2020-12-30,1,536,6,1,1,1,3,9491,7,1,0
United Kingdom,2020-12-06,2,859,4,1,0,0,1,15748,4,0,0
Germany,2020-12-23,0,490,8,1,1,1,13,9483,8,12,1
United Kingdom,2020-11-10,3,859,4,1,0,0,2,15748,4,0,0
Spain,2021-01-11,1,536,6,7,1,1,0,9491,7,0,0
Germany,2020-11-21,2,490,8,1,1,1,2,9483,8,0,0
India,2020-12-25,0,2687,2,7,1,0,12,51189,2,11,3
Taiwan,2020-11-28,1,500,7,1,1,1,1,9189,9,1,0
Italy,2021-01-01,0,386,9,1,1,0,81,7897,11,31,1
India,2020-11-05,5,2687,2,1,1,1,4,51189,2,3,0
China,2020-12-10,1,490,8,1,1,1,16,10181,5,15,1
United States,2020-12-12,82,12384,1,1,1,0,2494,233503,1,780,95
Italy,2020-12-14,1,386,9,1,0,1,0,7897,11,0,0
United States,2021-01-06,2,12384,1,7,1,1,12,233503,1,12,0
China,2020-12-19,2,490,8,1,0,0,2,10181,5,0,0
India,2020-11-22,5,2687,2,1,0,0,7,51189,2,4,0
United Kingdom,2020-11-02,1,859,4,1,1,1,5,15748,4,5,0
United Kingdom,2020-12-19,0,859,4,1,1,1,19,15748,4,12,1
Canada,2020-12-27,1,2067,3,1,0,1,3,37914,3,0,0
Canada,2020-12-22,0,2067,3,7,1,0,10,37914,3,0,0
Spain,2020-11-23,7,536,6,1,1,0,105,9491,7,27,5
India,2020-12-11,0,2687,2,7,1,0,4,51189,2,4,2
Canada,2021-01-08,0,2067,3,3,1,0,12,37914,3,11,0
Canada,2020-12-19,1,2067,3,1,0,1,0,37914,3,0,0
Canada,2021-02-05,0,2067,3,1,0,0,5,37914,3,0,0
Singapore,2020-12-12,1,375,10,1,0,0,0,8899,10,0,0
United Kingdom,2021-02-10,0,859,4,1,1,0,84,15748,4,31,2
Taiwan,2021-01-15,0,500,7,1,1,1,13,9189,9,7,0
India,2021-01-19,10,2687,2,1,0,0,3,51189,2,0,0
France,2020-12-31,0,553,5,1,1,1,33,9520,6,27,1
United Kingdom,2020-12-10,1,859,4,1,1,1,0,15748,4,0,0
India,2020-12-31,5,2687,2,1,0,0,6,51189,2,3,0
India,2020-12-09,21,2687,2,1,1,0,540,51189,2,169,19
France,2021-01-22,0,553,5,7,1,0,5,9520,6,0,0
United States,2020-12-29,0,12384,1,3,1,0,7,233503,1,0,0
India,2021-02-07,0,2687,2,1,1,1,47,51189,2,28,1
France,2021-01-20,0,553,5,1,1,1,3,9520,6,3,0
India,2021-01-25,1,2687,2,1,0,1,10,51189,2,7,0
United States,2020-12-08,2,12384,1,7,1,0,14,233503,1,7,2
Canada,2021-01-17,4,2067,3,1,0,0,3,37914,3,0,0
United States,2020-11-26,1,12384,1,7,1,1,0,233503,1,0,0
India,2021-01-24,0,2687,2,3,1,0,6,51189,2,5,0
India,2020-11-08,1,2687,2,1,0,0,0,51189,2,0,0
Germany,2021-01-04,6,490,8,1,1,0,113,9483,8,29,2
Canada,2020-12-07,8,2067,3,1,0,0,2,37914,3,1,0
Italy,2020-12-11,1,386,9,1,1,1,20,7897,11,6,2
China,2020-11-24,4,490,8,1,1,1,4,10181,5,2,0
United Kingdom,2021-01-02,3,859,4,1,1,0,136,15748,4,41,5
Canada,2020-12-10,2,2067,3,7,1,0,2,37914,3,0,0
India,2020-12-19,7,2687,2,1,0,0,13,51189,2,9,0
India,2020-12-04,1,2687,2,7,1,0,0,51189,2,0,0
United States,2021-02-02,0,12384,1,7,1,1,5,233503,1,1,0
France,2021-01-07,0,553,5,1,1,1,13,9520,6,13,1
India,2020-12-02,22,2687,2,1,1,0,502,51189,2,171,21
India,2020-11-18,2,2687,2,1,0,1,0,51189,2,0,0
China,2020-11-03,4,490,8,1,0,0,3,10181,5,0,0
Germany,2021-01-01,1,490,8,1,1,1,3,9483,8,3,0
India,2021-01-20,0,2687,2,3,1,0,9,51189,2,6,1
Canada,2021-01-02,2,2067,3,1,1,1,36,37914,3,19,1
India,2021-01-18,1,2687,2,3,1,0,2,51189,2,2,2
United Kingdom,2020-12-06,5,859,4,1,1,0,179,15748,4,73,16
Spain,2020-12-01,0,536,6,1,1,1,6,9491,7,0,0
France,2021-01-19,1,553,5,1,0,0,2,9520,6,2,0
United Kingdom,2021-01-08,5,859,4,1,0,0,7,15748,4,2,0
Taiwan,2021-01-02,2,500,7,1,1,1,5,9189,9,5,0
United Kingdom,2021-01-21,2,859,4,1,1,1,8,15748,4,7,3
United States,2021-01-10,0,12384,1,1,0,1,8,233503,1,2,0
Taiwan,2021-01-06,4,500,7,1,1,0,133,9189,9,28,4
Canada,2020-11-06,3,2067,3,1,1,1,15,37914,3,9,1
Germany,2020-11-03,1,490,8,1,1,1,0,9483,8,0,0
Italy,2021-01-23,2,386,9,1,1,0,78,7897,11,40,1
China,2020-11-28,2,490,8,1,1,1,13,10181,5,5,0
United States,2021-02-06,0,12384,1,7,1,0,9,233503,1,0,0
Canada,2020-11-11,2,2067,3,1,1,1,7,37914,3,6,0
Germany,2021-01-10,2,490,8,1,0,0,0,9483,8,0,0
Italy,2021-01-26,2,386,9,1,1,1,6,7897,11,5,0
United Kingdom,2020-12-29,3,859,4,1,0,0,3,15748,4,2,0
Spain,2020-12-12,3,536,6,1,1,0,94,9491,7,25,9
Taiwan,2020-12-25,1,500,7,1,0,0,1,9189,9,0,0
United States,2020-12-02,55,12384,1,1,0,0,45,233503,1,4,0
France,2021-01-19,0,553,5,7,1,0,11,9520,6,2,0
United States,2020-11-06,65,12384,1,1,1,0,491,233503,1,201,33
United States,2021-01-09,0,12384,1,7,1,0,26,233503,1,8,0
India,2021-01-26,0,2687,2,7,1,0,1,51189,2,0,0
United Kingdom,2020-11-28,1,859,4,1,0,0,2,15748,4,0,0
Germany,2021-01-09,1,490,8,1,0,0,1,9483,8,0,0
Taiwan,2020-11-10,3,500,7,1,1,0,25,9189,9,10,0
Spain,2021-02-16,0,536,6,1,1,0,19,9491,7,6,0
Germany,2021-01-05,3,490,8,1,1,1,3,9483,8,0,0
United States,2020-11-29,1,12384,1,3,1,0,9,233503,1,6,1
Taiwan,2020-12-07,0,500,7,7,1,0,1,9189,9,0,0
Canada,2020-12-24,2,2067,3,1,0,0,1,37914,3,1,0
United States,2020-11-21,0,12384,1,3,1,1,7,233503,1,1,1
Singapore,2020-11-23,1,375,10,1,0,0,2,8899,10,1,0
India,2020-11-27,1,2687,2,7,1,1,6,51189,2,0,0
United Kingdom,2021-01-21,0,859,4,7,1,0,7,15748,4,0,0
India,2020-11-06,14,2687,2,1,1,0,117,51189,2,61,15
Canada,2021-01-07,7,2067,3,1,0,0,2,37914,3,1,0
China,2020-12-06,3,490,8,1,0,0,1,10181,5,0,0
United States,2020-11-01,4,12384,1,1,0,1,0,233503,1,0,0
India,2021-01-30,0,2687,2,1,1,0,405,51189,2,132,8
United States,2021-02-15,0,12384,1,1,1,1,28,233503,1,13,0
Italy,2021-01-23,1,386,9,1,0,0,2,7897,11,0,0
United States,2020-12-16,1,12384,1,3,1,0,19,233503,1,4,1
United States,2020-12-18,0,12384,1,7,1,1,8,233503,1,4,0
Singapore,2020-12-08,1,375,10,1,1,1,15,8899,10,2,1
France,2021-01-31,0,553,5,1,1,0,117,9520,6,38,6
India,2020-11-15,4,2687,2,1,1,1,11,51189,2,3,1
United States,2020-12-21,0,12384,1,7,1,1,8,233503,1,2,0
Italy,2021-01-20,1,386,9,3,1,0,2,7897,11,2,1
Italy,2020-11-06,0,386,9,7,1,1,3,7897,11,1,1
Taiwan,2021-01-10,1,500,7,1,0,0,1,9189,9,0,0
Singapore,2020-11-18,1,375,10,1,1,1,8,8899,10,8,0
Italy,2020-11-14,1,386,9,1,0,0,0,7897,11,0,0
France,2021-01-29,0,553,5,3,1,0,3,9520,6,0,0
United States,2021-01-26,37,12384,1,1,0,0,19,233503,1,8,0
Italy,2020-11-25,3,386,9,1,1,0,56,7897,11,29,11
United Kingdom,2021-02-07,0,859,4,1,1,1,11,15748,4,7,0
Germany,2021-01-03,1,490,8,1,1,1,6,9483,8,4,0
United Kingdom,2021-02-14,0,859,4,1,1,0,53,15748,4,22,2
Canada,2020-11-28,10,2067,3,1,1,0,374,37914,3,127,12
Taiwan,2020-12-04,1,500,7,1,0,0,2,9189,9,0,0
India,2021-01-05,0,2687,2,7,1,0,5,51189,2,1,0
France,2021-01-18,0,553,5,7,1,0,6,9520,6,0,0
China,2021-01-25,2,490,8,1,1,1,3,10181,5,0,0
Taiwan,2021-01-26,5,500,7,1,1,0,83,9189,9,23,3
United Kingdom,2021-01-24,0,859,4,7,1,0,4,15748,4,0,0
Canada,2021-01-30,0,2067,3,1,1,1,31,37914,3,15,2
France,2020-12-01,2,553,5,1,1,1,8,9520,6,2,0
Singapore,2021-01-26,0,375,10,1,1,1,7,8899,10,3,0
India,2020-11-07,0,2687,2,1,0,1,1,51189,2,0,0
United Kingdom,2020-11-17,5,859,4,1,0,0,4,15748,4,0,0
Singapore,2020-12-01,2,375,10,1,1,1,10,8899,10,6,1
Canada,2021-01-30,0,2067,3,7,1,0,1,37914,3,0,0
France,2020-11-06,1,553,5,1,1,0,7,9520,6,1,0
France,2021-01-17,0,553,5,3,1,0,3,9520,6,0,0
India,2021-02-15,0,2687,2,1,1,0,148,51189,2,45,3
United States,2020-12-27,0,12384,1,1,0,1,2,233503,1,0,0
Germany,2020-12-07,6,490,8,1,1,0,91,9483,8,31,6
Canada,2021-01-05,8,2067,3,1,0,0,7,37914,3,2,0
Germany,2020-12-10,1,490,8,7,1,1,0,9483,8,0,0
United Kingdom,2021-01-08,1,859,4,1,1,1,7,15748,4,0,0
France,2020-12-04,4,553,5,1,0,0,2,9520,6,1,0
China,2020-12-22,2,490,8,1,1,0,125,10181,5,34,5
Singapore,2020-12-27,1,375,10,1,1,1,4,8899,10,4,0
Taiwan,2020-11-27,2,500,7,1,0,0,1,9189,9,0,0
United Kingdom,2020-12-12,1,859,4,1,1,1,0,15748,4,0,0
Taiwan,2020-11-03,1,500,7,1,1,1,3,9189,9,3,0
Spain,2020-11-27,1,536,6,1,0,0,1,9491,7,0,0
Germany,2020-12-29,6,490,8,1,1,0,107,9483,8,34,3
France,2020-11-03,3,553,5,1,1,0,3,9520,6,3,0
Germany,2020-12-31,1,490,8,1,1,0,100,9483,8,32,6
Canada,2020-12-21,2,2067,3,1,1,1,43,37914,3,24,0
United Kingdom,2021-01-23,1,859,4,1,1,1,3,15748,4,3,0
India,2021-02-12,0,2687,2,1,0,1,3,51189,2,2,0
United States,2021-01-20,0,12384,1,7,1,1,4,233503,1,0,0
Singapore,2020-12-07,1,375,10,1,0,0,1,8899,10,0,0
China,2020-12-07,1,490,8,1,1,1,15,10181,5,11,3
India,2021-02-02,0,2687,2,7,1,0,2,51189,2,0,0
Singapore,2021-01-28,0,375,10,1,1,1,8,8899,10,4,0
United Kingdom,2020-11-07,3,859,4,1,1,0,44,15748,4,25,9
India,2021-02-19,0,2687,2,7,1,0,1,51189,2,0,0
United States,2020-11-21,0,12384,1,7,1,0,12,233503,1,6,0
United States,2020-11-14,43,12384,1,1,1,0,919,233503,1,364,35
France,2020-11-28,6,553,5,1,1,0,68,9520,6,35,2
Germany,2021-01-12,0,490,8,1,1,1,5,9483,8,5,1
Italy,2021-01-26,1,386,9,7,1,0,0,7897,11,0,0
India,2020-12-31,11,2687,2,1,1,0,600,51189,2,209,25
India,2020-11-21,6,2687,2,1,0,0,5,51189,2,1,0
India,2020-11-29,1,2687,2,3,1,0,2,51189,2,1,1
Germany,2021-02-21,0,490,8,1,1,0,41,9483,8,12,2
China,2020-12-08,1,490,8,1,1,1,17,10181,5,10,0
United Kingdom,2020-11-09,0,859,4,1,1,1,4,15748,4,4,1
France,2021-01-30,0,553,5,1,1,0,114,9520,6,40,8
Italy,2021-01-11,1,386,9,1,1,0,105,7897,11,33,1
United Kingdom,2021-01-22,0,859,4,1,1,1,3,15748,4,3,0
India,2021-01-17,15,2687,2,1,0,0,12,51189,2,3,0
Canada,2020-11-05,2,2067,3,1,1,1,8,37914,3,5,1
United States,2021-02-05,0,12384,1,1,1,0,1793,233503,1,601,45
Canada,2020-11-08,5,2067,3,1,0,0,4,37914,3,0,0
Spain,2021-02-03,0,536,6,1,1,0,53,9491,7,7,0
Germany,2021-02-02,0,490,8,1,1,0,65,9483,8,16,6
Italy,2020-11-21,1,386,9,1,1,0,46,7897,11,21,5
United Kingdom,2021-01-24,3,859,4,1,1,1,7,15748,4,3,1
United States,2021-02-10,0,12384,1,1,1,1,89,233503,1,31,1
France,2020-12-08,1,553,5,1,0,1,2,9520,6,2,0
United States,2021-01-16,0,12384,1,3,1,0,1,233503,1,1,0
Singapore,2020-11-27,2,375,10,1,0,0,1,8899,10,0,0
United States,2020-11-16,0,12384,1,3,1,0,3,233503,1,3,1
India,2020-12-17,0,2687,2,7,1,1,3,51189,2,0,0
United States,2020-11-25,0,12384,1,7,1,1,4,233503,1,4,1
United States,2020-11-13,0,12384,1,7,1,1,14,233503,1,13,1
United States,2021-02-20,0,12384,1,7,1,0,4,233503,1,4,1
India,2021-02-01,0,2687,2,1,0,0,1,51189,2,1,0
Singapore,2021-01-09,1,375,10,1,0,0,0,8899,10,0,0
United Kingdom,2021-02-15,0,859,4,1,1,1,11,15748,4,11,1
Italy,2020-12-07,1,386,9,1,0,0,1,7897,11,1,0
Italy,2021-02-22,0,386,9,1,1,1,3,7897,11,0,0
India,2020-11-10,0,2687,2,7,1,0,1,51189,2,0,0
Italy,2021-02-04,0,386,9,3,1,0,6,7897,11,1,0
Singapore,2021-02-21,0,375,10,7,1,0,3,8899,10,1,1
United States,2021-01-11,67,12384,1,1,1,0,2336,233503,1,789,78
Singapore,2021-01-17,0,375,10,1,1,1,9,8899,10,7,0
China,2021-01-01,3,490,8,1,0,0,2,10181,5,0,0
Germany,2020-12-05,2,490,8,1,1,1,0,9483,8,0,0
United States,2020-12-24,0,12384,1,3,1,0,12,233503,1,6,1
United States,2020-12-20,64,12384,1,1,1,0,2690,233503,1,953,98
India,2021-01-20,17,2687,2,1,1,0,439,51189,2,191,21
India,2020-11-04,0,2687,2,7,1,0,1,51189,2,0,0
Germany,2020-12-20,0,490,8,2,1,0,7,9483,8,0,0
India,2020-12-04,23,2687,2,1,1,0,542,51189,2,185,15
Taiwan,2021-02-22,0,500,7,1,1,0,25,9189,9,4,0
Spain,2020-12-05,1,536,6,1,1,0,117,9491,7,38,2
Italy,2021-02-11,0,386,9,7,1,1,5,7897,11,0,0
Germany,2020-11-24,0,490,8,1,1,1,6,9483,8,3,2
Italy,2020-12-03,1,386,9,1,0,0,0,7897,11,0,0
Canada,2020-12-05,5,2067,3,1,1,1,40,37914,3,28,2
France,2021-01-12,1,553,5,1,1,1,0,9520,6,0,0
Germany,2021-01-13,3,490,8,1,1,0,149,9483,8,43,5
Spain,2020-12-18,1,536,6,1,0,0,2,9491,7,0,0
United States,2021-01-19,1,12384,1,7,1,1,5,233503,1,2,2
Singapore,2020-12-26,1,375,10,1,0,0,1,8899,10,0,0
United States,2021-02-11,0,12384,1,7,1,0,15,233503,1,7,1
Spain,2020-12-09,5,536,6,1,0,0,1,9491,7,0,0
Italy,2020-12-08,2,386,9,1,1,0,80,7897,11,29,4
United States,2021-01-01,0,12384,1,7,1,0,20,233503,1,10,4
India,2021-01-21,6,2687,2,1,1,1,22,51189,2,12,1
Taiwan,2020-11-29,2,500,7,1,1,1,11,9189,9,11,0
Canada,2021-01-02,0,2067,3,7,1,1,2,37914,3,2,0
United States,2020-11-03,22,12384,1,1,1,1,42,233503,1,29,4
France,2020-11-23,2,553,5,1,1,0,53,9520,6,16,0
Taiwan,2020-11-06,3,500,7,1,1,0,29,9189,9,10,4
United Kingdom,2021-02-03,0,859,4,1,1,0,162,15748,4,55,3
Canada,2020-12-10,6,2067,3,1,1,1,49,37914,3,33,5
Taiwan,2020-11-11,2,500,7,1,0,0,0,9189,9,0,0
Singapore,2020-11-11,4,375,10,1,1,0,37,8899,10,23,5
Spain,2020-11-24,5,536,6,1,1,0,131,9491,7,45,5
United Kingdom,2021-01-05,7,859,4,1,1,0,126,15748,4,36,3
United States,2020-12-19,0,12384,1,3,1,0,11,233503,1,6,0
Italy,2020-12-22,5,386,9,1,1,0,81,7897,11,34,1
United Kingdom,2020-12-26,2,859,4,1,1,1,13,15748,4,13,1
China,2020-12-12,4,490,8,1,0,0,3,10181,5,0,0
Taiwan,2020-12-27,0,500,7,1,1,0,90,9189,9,20,1
United States,2021-01-09,1,12384,1,7,1,1,6,233503,1,6,1
Germany,2021-01-09,1,490,8,1,1,1,4,9483,8,4,0
United States,2020-12-03,0,12384,1,3,1,0,12,233503,1,8,4
India,2020-12-23,0,2687,2,7,1,0,13,51189,2,8,1
Spain,2021-01-27,2,536,6,1,1,1,6,9491,7,4,0
Germany,2021-01-13,1,490,8,1,1,1,2,9483,8,2,0
United Kingdom,2020-11-27,2,859,4,1,0,0,2,15748,4,2,0
Italy,2020-12-17,1,386,9,1,1,1,18,7897,11,2,0
India,2021-01-24,2,2687,2,1,0,1,7,51189,2,7,0
United States,2021-01-01,60,12384,1,1,1,0,2510,233503,1,843,107
India,2021-01-12,6,2687,2,1,1,1,38,51189,2,18,3
France,2020-11-25,1,553,5,1,0,0,0,9520,6,0,0
France,2020-12-01,3,553,5,1,1,0,73,9520,6,26,0
United States,2020-12-13,21,12384,1,1,1,1,246,233503,1,125,14
Italy,2021-02-11,0,386,9,3,1,0,6,7897,11,1,0
Singapore,2021-01-07,1,375,10,1,0,0,2,8899,10,0,0
United States,2021-02-18,0,12384,1,1,1,1,29,233503,1,3,2
Canada,2020-12-28,0,2067,3,7,1,1,2,37914,3,2,0
United Kingdom,2021-01-06,10,859,4,1,1,0,137,15748,4,34,4
United Kingdom,2021-01-04,1,859,4,1,1,1,8,15748,4,2,0
United States,2021-01-21,34,12384,1,1,0,0,28,233503,1,6,0
Singapore,2020-12-08,8,375,10,1,1,0,80,8899,10,21,4
Singapore,2020-11-03,2,375,10,1,1,1,0,8899,10,0,0
France,2020-12-23,1,553,5,1,0,0,1,9520,6,0,0
United States,2021-02-11,0,12384,1,1,1,0,1215,233503,1,409,35
China,2020-12-18,0,490,8,7,1,1,6,10181,5,5,2
France,2021-01-31,0,553,5,1,1,1,3,9520,6,0,0
United States,2020-12-09,0,12384,1,1,0,1,7,233503,1,4,2
India,2021-02-13,0,2687,2,7,1,0,3,51189,2,0,0
India,2021-02-19,0,2687,2,1,1,0,115,51189,2,47,4
Germany,2021-02-08,0,490,8,1,1,0,51,9483,8,18,3
China,2020-12-27,2,490,8,1,1,0,129,10181,5,37,2
India,2021-01-29,0,2687,2,7,1,0,3,51189,2,0,0
United States,2021-01-30,0,12384,1,7,1,1,5,233503,1,0,0
Italy,2021-01-12,1,386,9,1,1,0,100,7897,11,34,1
Canada,2020-12-12,16,2067,3,1,1,0,450,37914,3,167,18
United Kingdom,2021-01-19,1,859,4,7,0,1,2,15748,4,0,0
United States,2020-11-20,73,12384,1,1,1,0,1458,233503,1,560,60
Singapore,2021-02-10,0,375,10,1,1,0,46,8899,10,26,1
Spain,2020-11-16,5,536,6,1,1,0,51,9491,7,13,0
France,2020-11-14,2,553,5,1,0,0,2,9520,6,2,0
United States,2021-02-15,0,12384,1,7,1,1,3,233503,1,1,0
India,2021-01-22,7,2687,2,1,1,1,33,51189,2,20,3
Taiwan,2021-01-12,2,500,7,1,1,0,106,9189,9,28,3
United States,2020-12-09,74,12384,1,1,0,0,45,233503,1,15,0
United States,2020-12-07,2,12384,1,7,1,1,0,233503,1,0,0
France,2021-01-28,0,553,5,3,1,0,2,9520,6,0,0
United States,2020-12-15,1,12384,1,7,1,0,27,233503,1,15,7
Canada,2021-02-06,0,2067,3,1,0,0,5,37914,3,0,0
Taiwan,2021-01-14,7,500,7,1,1,0,103,9189,9,16,3
Canada,2020-12-31,0,2067,3,7,1,1,1,37914,3,1,0
United States,2021-01-07,0,12384,1,7,1,0,19,233503,1,10,2
France,2021-02-04,0,553,5,3,1,0,3,9520,6,0,0
Canada,2021-01-13,7,2067,3,1,0,0,9,37914,3,4,0
China,2021-01-24,0,490,8,1,1,1,4,10181,5,1,0
Germany,2020-11-25,3,490,8,1,0,0,0,9483,8,0,0
United States,2020-12-06,2,12384,1,7,1,1,5,233503,1,5,1
Spain,2021-01-09,0,536,6,1,1,1,11,9491,7,3,0
Italy,2020-12-25,1,386,9,1,1,0,76,7897,11,32,0
Spain,2020-12-24,2,536,6,1,0,0,2,9491,7,1,0
Spain,2021-01-20,2,536,6,1,0,0,4,9491,7,0,0
Singapore,2021-01-01,0,375,10,1,1,1,4,8899,10,4,0
United Kingdom,2021-01-28,0,859,4,1,0,0,1,15748,4,0,0
United Kingdom,2020-12-22,6,859,4,1,1,0,182,15748,4,53,3
China,2021-01-06,3,490,8,1,1,0,126,10181,5,53,7
United States,2020-11-25,35,12384,1,1,0,0,26,233503,1,7,0
United States,2021-01-02,1,12384,1,3,1,1,0,233503,1,0,0
China,2020-11-27,0,490,8,1,1,1,9,10181,5,0,0
India,2020-11-17,1,2687,2,7,1,1,2,51189,2,2,2
India,2020-11-12,17,2687,2,1,1,0,213,51189,2,82,12
India,2021-01-22,8,2687,2,1,0,0,3,51189,2,1,0
India,2021-01-19,0,2687,2,3,1,0,5,51189,2,4,0
China,2021-02-15,0,490,8,1,1,0,17,10181,5,0,0
India,2020-11-28,13,2687,2,1,1,0,450,51189,2,143,16
Italy,2021-01-24,0,386,9,3,1,0,8,7897,11,5,1
India,2020-11-16,3,2687,2,1,0,1,0,51189,2,0,0
Singapore,2020-12-03,4,375,10,1,1,0,70,8899,10,9,1
France,2020-12-11,0,553,5,1,1,1,12,9520,6,1,0
Canada,2021-01-11,3,2067,3,1,1,1,49,37914,3,34,5
Canada,2021-01-13,0,2067,3,7,1,1,2,37914,3,2,0
United Kingdom,2021-02-21,0,859,4,1,1,0,19,15748,4,8,0
Germany,2020-12-16,4,490,8,1,1,0,115,9483,8,31,0
United States,2020-11-15,0,12384,1,3,1,0,2,233503,1,2,0
United Kingdom,2020-11-15,1,859,4,1,0,0,1,15748,4,0,0
Germany,2020-12-16,0,490,8,2,1,0,6,9483,8,1,0
Spain,2021-01-21,2,536,6,1,0,0,1,9491,7,0,0
United States,2021-01-06,2,12384,1,1,0,1,8,233503,1,0,0
United States,2020-12-09,1,12384,1,7,1,0,14,233503,1,7,3
Canada,2020-12-14,18,2067,3,1,1,0,480,37914,3,180,31
Singapore,2021-02-11,0,375,10,1,1,0,42,8899,10,22,0
United States,2020-11-26,0,12384,1,3,1,0,6,233503,1,6,2
Italy,2021-01-29,0,386,9,1,0,0,1,7897,11,0,0
China,2020-12-14,3,490,8,1,0,0,3,10181,5,1,0
Germany,2021-01-04,0,490,8,2,1,0,4,9483,8,0,0
United States,2021-01-20,25,12384,1,1,1,1,208,233503,1,128,9
United States,2021-02-23,0,12384,1,1,1,1,16,233503,1,4,0
United States,2021-01-23,1,12384,1,1,0,1,19,233503,1,4,1
Germany,2020-11-23,0,490,8,1,1,1,7,9483,8,4,3
India,2020-11-16,6,2687,2,1,1,1,24,51189,2,17,4
Singapore,2020-12-23,3,375,10,1,0,0,1,8899,10,1,0
United States,2021-02-22,0,12384,1,7,1,1,5,233503,1,3,0
Germany,2021-01-02,2,490,8,1,0,0,1,9483,8,0,0
France,2021-01-20,0,553,5,1,0,1,1,9520,6,0,0
United Kingdom,2021-01-09,2,859,4,1,0,0,1,15748,4,1,0
Canada,2020-12-23,14,2067,3,1,1,0,419,37914,3,148,11
France,2020-12-19,6,553,5,1,1,0,89,9520,6,30,7
India,2020-12-14,1,2687,2,7,1,0,12,51189,2,12,7
France,2020-12-11,6,553,5,1,1,0,79,9520,6,16,1
Italy,2021-01-14,0,386,9,1,1,0,87,7897,11,15,2
France,2020-12-08,1,553,5,1,0,0,2,9520,6,2,0
United States,2020-11-16,1,12384,1,7,1,1,5,233503,1,5,0
France,2020-11-21,1,553,5,1,0,0,1,9520,6,0,0
India,2021-02-13,0,2687,2,1,1,0,190,51189,2,62,7
United States,2020-11-04,80,12384,1,1,1,0,339,233503,1,140,16
United Kingdom,2021-01-30,0,859,4,1,1,0,176,15748,4,53,6
Canada,2020-11-24,0,2067,3,1,0,1,3,37914,3,3,0
United States,2020-11-19,23,12384,1,1,1,1,133,233503,1,90,10
India,2021-01-13,1,2687,2,1,0,1,6,51189,2,5,0
China,2020-12-16,0,490,8,7,1,1,5,10181,5,2,1
United States,2021-01-14,0,12384,1,3,1,0,1,233503,1,1,0
China,2020-11-30,3,490,8,1,1,0,82,10181,5,29,1
India,2020-12-10,1,2687,2,1,0,1,0,51189,2,0,0
France,2020-12-02,2,553,5,1,1,0,70,9520,6,28,1
China,2020-12-14,2,490,8,1,1,1,8,10181,5,7,0
France,2020-11-14,0,553,5,7,1,1,3,9520,6,2,2
India,2021-01-27,7,2687,2,1,1,1,49,51189,2,34,7
Italy,2021-02-05,0,386,9,1,1,0,58,7897,11,11,1
Canada,2020-11-15,0,2067,3,1,0,1,3,37914,3,0,0
India,2020-12-13,0,2687,2,3,1,0,2,51189,2,1,1
Canada,2020-12-16,14,2067,3,1,1,0,512,37914,3,189,26
India,2021-02-12,0,2687,2,1,1,1,31,51189,2,17,1
United States,2021-01-30,0,12384,1,1,0,1,6,233503,1,1,0
Singapore,2020-12-20,0,375,10,1,1,0,70,8899,10,5,1
Canada,2020-12-31,0,2067,3,3,1,0,13,37914,3,12,1
United States,2020-12-28,0,12384,1,7,1,1,6,233503,1,0,0
India,2021-01-07,8,2687,2,1,1,1,60,51189,2,37,6
France,2020-12-30,0,553,5,1,1,1,33,9520,6,27,1
Taiwan,2020-12-22,2,500,7,1,1,0,100,9189,9,32,3
India,2020-11-27,4,2687,2,1,1,1,45,51189,2,26,2
United Kingdom,2021-01-19,0,859,4,7,1,0,5,15748,4,4,0
United States,2020-12-09,114,12384,1,1,1,0,2393,233503,1,719,83
United States,2020-11-15,0,12384,1,2,1,0,2,233503,1,0,0
Germany,2020-12-19,0,490,8,2,1,0,4,9483,8,0,0
France,2021-01-26,1,553,5,1,0,0,0,9520,6,0,0
India,2021-01-20,0,2687,2,7,1,0,2,51189,2,0,0
Canada,2021-02-19,0,2067,3,1,1,0,119,37914,3,31,4
Canada,2020-11-23,5,2067,3,1,1,1,23,37914,3,9,2
France,2021-01-30,0,553,5,3,1,0,3,9520,6,0,0
India,2021-02-06,0,2687,2,1,0,1,3,51189,2,0,0
Taiwan,2021-01-05,0,500,7,1,1,1,1,9189,9,1,0
United States,2021-01-04,1,12384,1,7,1,1,6,233503,1,6,0
Spain,2021-01-28,0,536,6,1,1,0,78,9491,7,17,1
Italy,2021-01-18,3,386,9,1,1,1,3,7897,11,3,0
United Kingdom,2020-11-25,1,859,4,1,1,1,3,15748,4,0,0
United States,2020-11-21,2,12384,1,1,0,1,5,233503,1,0,0
United States,2021-01-13,0,12384,1,3,1,0,1,233503,1,1,0
Germany,2021-01-07,6,490,8,1,1,0,124,9483,8,39,3
Canada,2021-02-17,0,2067,3,1,0,0,5,37914,3,0,0
France,2020-11-13,4,553,5,1,0,0,1,9520,6,1,0
Canada,2020-11-16,10,2067,3,1,1,0,187,37914,3,71,8
Taiwan,2020-12-07,1,500,7,1,0,0,2,9189,9,1,0
United Kingdom,2020-11-05,2,859,4,1,1,1,4,15748,4,4,1
Canada,2020-12-26,3,2067,3,1,0,0,3,37914,3,1,0
United States,2021-02-14,0,12384,1,1,1,1,41,233503,1,15,2
India,2020-11-11,3,2687,2,1,1,1,19,51189,2,6,0
China,2021-01-07,3,490,8,1,1,0,128,10181,5,60,4
United States,2020-11-14,1,12384,1,1,0,1,3,233503,1,0,0
Canada,2021-01-05,0,2067,3,7,1,1,4,37914,3,4,0
Germany,2021-01-03,2,490,8,1,1,0,104,9483,8,31,0
United States,2021-01-14,1,12384,1,7,1,1,6,233503,1,4,0
Canada,2020-11-17,5,2067,3,1,0,0,1,37914,3,0,0
France,2020-12-13,4,553,5,1,1,0,82,9520,6,15,0
Spain,2021-01-23,3,536,6,1,0,0,0,9491,7,0,0
Canada,2020-11-16,3,2067,3,1,1,1,6,37914,3,6,0
France,2020-11-15,2,553,5,1,0,0,0,9520,6,0,0
Germany,2020-12-20,0,490,8,1,0,0,2,9483,8,1,0
United States,2021-02-24,0,12384,1,7,1,1,3,233503,1,0,0
India,2021-01-04,11,2687,2,1,0,0,9,51189,2,4,0
United States,2020-12-08,6,12384,1,1,0,1,13,233503,1,8,1
France,2021-01-01,1,553,5,1,1,0,89,9520,6,40,3
United States,2020-11-09,1,12384,1,3,1,1,0,233503,1,0,0
India,2020-12-21,4,2687,2,1,1,1,70,51189,2,37,4
China,2020-12-16,2,490,8,1,1,1,15,10181,5,14,0
Italy,2021-01-30,0,386,9,3,1,0,6,7897,11,3,1
United Kingdom,2020-11-04,5,859,4,1,1,0,20,15748,4,15,8
China,2021-01-16,3,490,8,1,0,0,0,10181,5,0,0
France,2020-12-03,4,553,5,1,1,0,76,9520,6,32,2
Canada,2020-11-22,9,2067,3,1,1,0,261,37914,3,94,5
United States,2020-11-30,1,12384,1,7,1,1,2,233503,1,2,2
Canada,2020-11-30,10,2067,3,1,0,0,3,37914,3,2,0
Germany,2020-11-26,3,490,8,1,1,0,48,9483,8,27,2
India,2020-12-24,0,2687,2,7,1,0,12,51189,2,9,0
United States,2020-11-16,17,12384,1,1,1,1,94,233503,1,34,3
United States,2020-12-16,2,12384,1,7,1,1,1,233503,1,1,0
France,2020-12-23,0,553,5,7,1,1,7,9520,6,1,0
Canada,2020-11-06,7,2067,3,1,0,0,7,37914,3,1,0
Spain,2020-12-26,1,536,6,3,1,0,0,9491,7,0,0
United Kingdom,2020-12-15,3,859,4,1,1,0,204,15748,4,68,11
United Kingdom,2020-11-24,3,859,4,1,0,0,1,15748,4,0,0
China,2020-12-10,4,490,8,1,0,0,1,10181,5,0,0
Germany,2020-12-02,2,490,8,1,1,1,3,9483,8,1,0
Canada,2020-11-20,16,2067,3,1,1,0,262,37914,3,74,5
Italy,2020-12-27,0,386,9,1,1,1,26,7897,11,5,1
Taiwan,2020-11-01,1,500,7,1,0,0,0,9189,9,0,0
China,2020-11-22,0,490,8,1,1,1,5,10181,5,5,0
United States,2021-01-07,56,12384,1,1,0,0,32,233503,1,10,0
Singapore,2021-01-22,1,375,10,1,1,0,112,8899,10,40,3
Taiwan,2021-01-11,1,500,7,1,1,0,98,9189,9,30,5
Italy,2020-11-16,3,386,9,1,1,0,44,7897,11,16,3
France,2020-12-12,0,553,5,1,0,1,3,9520,6,3,2
United States,2020-11-27,83,12384,1,1,1,0,1881,233503,1,607,61
United States,2021-01-05,23,12384,1,1,1,1,153,233503,1,82,11
United States,2021-01-26,80,12384,1,1,1,0,2347,233503,1,795,83
United States,2021-02-07,0,12384,1,1,1,0,1541,233503,1,534,41
United States,2021-02-16,0,12384,1,7,1,0,9,233503,1,7,2
United Kingdom,2020-12-29,2,859,4,1,1,0,166,15748,4,52,6
Spain,2021-02-10,0,536,6,1,1,0,32,9491,7,5,2
Canada,2021-01-06,0,2067,3,7,1,0,1,37914,3,0,0
Canada,2020-11-23,8,2067,3,1,0,0,6,37914,3,2,0
India,2021-01-28,0,2687,2,1,1,1,43,51189,2,28,6
China,2021-01-02,1,490,8,1,0,0,0,10181,5,0,0
India,2020-12-18,3,2687,2,1,1,1,85,51189,2,57,4
United States,2021-02-08,0,12384,1,1,0,0,7,233503,1,0,0
Canada,2021-01-04,5,2067,3,1,1,1,40,37914,3,14,1
China,2020-11-03,4,490,8,1,1,1,7,10181,5,6,0
India,2020-12-12,1,2687,2,1,0,1,0,51189,2,0,0
France,2021-02-06,0,553,5,3,1,0,2,9520,6,0,0
Taiwan,2020-12-19,1,500,7,1,0,1,0,9189,9,0,0
Spain,2021-02-10,0,536,6,1,1,1,5,9491,7,1,1
Canada,2021-02-07,0,2067,3,1,1,1,5,37914,3,5,0
China,2021-01-20,2,490,8,1,0,0,3,10181,5,0,0
China,2021-01-09,1,490,8,1,1,1,1,10181,5,1,0
Canada,2020-12-11,7,2067,3,1,1,1,40,37914,3,28,1
United States,2020-12-25,0,12384,1,7,1,1,6,233503,1,0,0
Canada,2021-01-16,0,2067,3,7,1,0,1,37914,3,0,0
India,2020-11-18,5,2687,2,1,1,1,17,51189,2,3,0
Singapore,2021-02-08,0,375,10,1,1,0,40,8899,10,19,0
France,2021-01-07,0,553,5,7,1,0,3,9520,6,0,0
United States,2020-11-18,0,12384,1,1,0,1,4,233503,1,0,0
China,2020-11-26,3,490,8,1,0,0,2,10181,5,0,0
United States,2020-11-10,2,12384,1,1,0,1,0,233503,1,0,0
China,2020-11-04,3,490,8,1,1,0,5,10181,5,0,0
India,2020-11-03,1,2687,2,3,1,1,0,51189,2,0,0
United States,2020-11-29,1,12384,1,7,1,1,0,233503,1,0,0
China,2021-01-31,0,490,8,1,1,0,105,10181,5,48,4
Taiwan,2020-12-02,1,500,7,1,1,1,11,9189,9,11,3
United Kingdom,2021-01-18,4,859,4,1,0,0,6,15748,4,0,0
United States,2021-02-12,0,12384,1,7,1,1,5,233503,1,0,0
China,2020-11-25,0,490,8,1,1,1,9,10181,5,5,0
India,2020-11-23,1,2687,2,1,0,1,0,51189,2,0,0
Spain,2020-11-17,3,536,6,1,1,0,70,9491,7,23,2
Spain,2021-02-18,0,536,6,1,1,0,12,9491,7,3,1
Taiwan,2020-12-07,0,500,7,1,1,1,7,9189,9,0,0
India,2020-12-13,28,2687,2,1,1,0,580,51189,2,188,20
Taiwan,2020-12-01,0,500,7,7,1,0,3,9189,9,0,0
Singapore,2021-02-04,0,375,10,1,1,0,73,8899,10,26,3
United States,2021-01-08,36,12384,1,1,0,0,24,233503,1,10,0
India,2021-01-10,6,2687,2,1,0,0,5,51189,2,4,0
Singapore,2021-01-25,0,375,10,2,1,0,1,8899,10,0,0
Germany,2020-11-15,2,490,8,1,0,0,2,9483,8,0,0
United States,2020-12-24,14,12384,1,1,1,1,254,233503,1,133,18
China,2020-11-14,1,490,8,1,1,0,33,10181,5,23,2
United States,2020-11-07,1,12384,1,1,0,1,3,233503,1,0,0
Spain,2020-11-20,1,536,6,1,0,0,0,9491,7,0,0
United States,2021-01-13,0,12384,1,7,1,0,24,233503,1,10,0
France,2020-12-09,6,553,5,1,1,0,85,9520,6,23,0
United Kingdom,2020-12-15,1,859,4,1,0,1,0,15748,4,0,0
Canada,2020-11-03,8,2067,3,1,1,1,11,37914,3,8,1
Canada,2021-02-16,0,2067,3,1,1,0,151,37914,3,44,5
Italy,2020-11-27,0,386,9,1,0,0,1,7897,11,1,0
Spain,2021-02-06,0,536,6,1,1,0,69,9491,7,18,1
Spain,2020-11-17,1,536,6,1,1,1,0,9491,7,0,0
France,2021-01-29,0,553,5,1,1,1,2,9520,6,0,0
Canada,2020-11-22,0,2067,3,1,0,1,3,37914,3,2,0
China,2021-01-04,2,490,8,1,0,0,3,10181,5,2,0
United Kingdom,2020-11-08,1,859,4,1,0,0,0,15748,4,0,0
Taiwan,2021-01-19,4,500,7,1,1,0,86,9189,9,12,2
Taiwan,2021-01-10,2,500,7,1,1,0,102,9189,9,23,1
France,2021-01-03,1,553,5,1,0,0,1,9520,6,0,0
United States,2020-11-26,4,12384,1,1,0,1,1,233503,1,0,0
United Kingdom,2020-12-18,3,859,4,1,0,0,5,15748,4,1,0
United States,2020-12-02,2,12384,1,7,1,0,21,233503,1,7,3
Germany,2020-12-28,3,490,8,1,0,0,0,9483,8,0,0
Canada,2021-01-04,5,2067,3,1,0,0,2,37914,3,2,0
United States,2020-12-13,61,12384,1,1,1,0,2584,233503,1,901,117
United Kingdom,2020-12-04,3,859,4,1,0,0,3,15748,4,0,0
Canada,2020-11-21,2,2067,3,1,1,1,5,37914,3,1,0
France,2021-01-22,0,553,5,3,1,0,2,9520,6,0,0
Canada,2020-11-17,1,2067,3,1,1,1,8,37914,3,7,0
United States,2020-12-12,0,12384,1,3,1,0,17,233503,1,8,0
Taiwan,2020-11-25,0,500,7,7,1,0,2,9189,9,2,1
India,2020-12-26,1,2687,2,7,1,0,12,51189,2,6,0
United States,2020-12-22,38,12384,1,1,0,0,33,233503,1,16,0
Canada,2020-12-18,0,2067,3,7,1,0,9,37914,3,0,0
Taiwan,2020-12-01,4,500,7,1,1,1,9,9189,9,8,1
Taiwan,2021-01-30,0,500,7,1,1,0,61,9189,9,15,0
Canada,2021-01-01,1,2067,3,7,1,0,6,37914,3,5,0
France,2021-02-14,0,553,5,1,1,0,42,9520,6,21,2
France,2020-12-31,0,553,5,7,1,0,3,9520,6,0,0
Italy,2020-12-27,2,386,9,1,0,0,1,7897,11,1,0
Singapore,2020-11-13,4,375,10,1,0,0,3,8899,10,0,0
Italy,2020-11-27,4,386,9,1,1,0,58,7897,11,26,6
Singapore,2021-01-02,2,375,10,1,0,0,4,8899,10,1,0
Singapore,2020-12-28,0,375,10,1,1,1,4,8899,10,4,0
India,2021-02-24,0,2687,2,7,1,0,3,51189,2,0,0
France,2020-12-31,0,553,5,7,1,1,7,9520,6,0,0
India,2021-01-16,0,2687,2,1,0,1,5,51189,2,5,0
United Kingdom,2021-01-01,0,859,4,1,0,1,7,15748,4,1,0
France,2021-01-19,6,553,5,1,1,0,97,9520,6,44,3
Singapore,2021-01-17,0,375,10,1,1,0,115,8899,10,41,3
Canada,2021-01-09,0,2067,3,7,1,0,1,37914,3,1,0
India,2021-01-23,6,2687,2,1,1,1,46,51189,2,30,2
Canada,2020-12-02,6,2067,3,1,0,0,2,37914,3,0,0
France,2021-02-08,0,553,5,1,1,0,75,9520,6,24,5
Italy,2021-01-13,3,386,9,1,1,0,100,7897,11,31,3
Canada,2021-01-29,0,2067,3,1,0,0,2,37914,3,1,0
Germany,2020-11-14,1,490,8,1,1,1,0,9483,8,0,0
France,2020-12-19,0,553,5,1,1,1,14,9520,6,4,0
India,2021-02-01,0,2687,2,1,1,1,39,51189,2,23,2
Spain,2020-11-21,2,536,6,1,1,0,92,9491,7,31,3
Italy,2021-01-05,1,386,9,1,1,1,12,7897,11,1,0
Germany,2021-01-07,0,490,8,2,1,0,6,9483,8,0,0
United Kingdom,2020-12-08,3,859,4,1,1,1,1,15748,4,1,0
Singapore,2020-11-21,1,375,10,1,1,0,37,8899,10,9,0
United Kingdom,2021-02-12,0,859,4,1,1,1,3,15748,4,3,1
Spain,2020-11-23,2,536,6,1,0,0,0,9491,7,0,0
United States,2020-11-23,69,12384,1,1,1,0,1642,233503,1,524,60
Italy,2021-02-10,0,386,9,1,1,0,36,7897,11,13,0
Spain,2021-01-23,0,536,6,7,1,0,3,9491,7,0,0
India,2020-12-15,10,2687,2,1,0,0,12,51189,2,6,0
India,2021-02-14,0,2687,2,1,1,1,15,51189,2,8,0
Singapore,2021-02-08,0,375,10,7,1,0,4,8899,10,1,0
United States,2020-12-11,2,12384,1,3,1,0,16,233503,1,13,3
Canada,2021-02-16,0,2067,3,1,1,1,4,37914,3,4,0
India,2020-11-08,13,2687,2,1,1,0,141,51189,2,64,9
United States,2020-11-23,1,12384,1,2,1,0,0,233503,1,0,0
Canada,2021-01-30,0,2067,3,7,1,1,2,37914,3,1,0
United Kingdom,2021-01-07,0,859,4,7,1,0,4,15748,4,3,1
Spain,2021-02-04,0,536,6,1,1,0,56,9491,7,10,2
India,2021-01-13,12,2687,2,1,0,0,9,51189,2,6,0
United Kingdom,2020-11-04,1,859,4,1,0,1,1,15748,4,0,0
Canada,2021-01-15,1,2067,3,3,1,0,9,37914,3,4,3
United Kingdom,2020-11-04,3,859,4,1,0,0,2,15748,4,1,0
India,2020-12-31,2,2687,2,1,1,1,39,51189,2,7,3
Canada,2021-02-15,0,2067,3,1,1,0,159,37914,3,46,1
United Kingdom,2021-01-12,1,859,4,1,1,1,2,15748,4,2,1
France,2021-01-07,3,553,5,1,0,0,2,9520,6,0,0
France,2021-01-22,1,553,5,1,0,0,1,9520,6,1,0
China,2021-01-26,3,490,8,1,1,0,134,10181,5,52,6
France,2021-01-05,1,553,5,1,1,1,19,9520,6,19,1
Canada,2021-01-15,1,2067,3,1,1,1,53,37914,3,37,4
Taiwan,2020-11-29,2,500,7,1,0,0,0,9189,9,0,0
Singapore,2021-01-30,0,375,10,1,1,0,92,8899,10,30,1
Taiwan,2021-01-09,1,500,7,1,1,0,107,9189,9,24,3
France,2020-11-19,2,553,5,1,1,1,4,9520,6,4,1
India,2020-12-06,0,2687,2,1,0,1,1,51189,2,0,0
United States,2020-12-11,2,12384,1,7,1,0,25,233503,1,13,3
France,2020-11-02,4,553,5,1,1,0,3,9520,6,1,0
Italy,2021-01-04,1,386,9,1,1,1,13,7897,11,1,0
United States,2021-02-01,0,12384,1,1,1,1,181,233503,1,73,10
India,2021-01-06,12,2687,2,1,0,0,8,51189,2,4,0
Canada,2021-01-11,2,2067,3,1,0,0,3,37914,3,0,0
India,2020-12-15,0,2687,2,7,1,1,3,51189,2,0,0
France,2020-12-12,1,553,5,1,1,1,10,9520,6,0,0
India,2020-11-28,5,2687,2,1,0,0,4,51189,2,2,0
Spain,2020-11-04,5,536,6,1,1,0,24,9491,7,8,3
Canada,2021-01-14,0,2067,3,7,1,1,2,37914,3,2,0
United States,2020-12-14,51,12384,1,1,0,0,37,233503,1,17,0
United States,2021-01-25,33,12384,1,1,0,0,17,233503,1,0,0
France,2020-11-24,1,553,5,1,1,1,3,9520,6,0,0
United Kingdom,2020-11-09,4,859,4,1,1,0,45,15748,4,19,1
United States,2020-11-12,69,12384,1,1,1,0,821,233503,1,314,50
Singapore,2021-01-24,3,375,10,1,1,0,113,8899,10,33,1
United Kingdom,2021-01-26,7,859,4,1,1,0,178,15748,4,63,9
India,2021-01-28,0,2687,2,1,0,1,4,51189,2,0,0
Canada,2020-12-06,13,2067,3,1,1,0,430,37914,3,150,13
Canada,2020-11-04,5,2067,3,1,0,0,2,37914,3,0,0
United States,2020-11-07,23,12384,1,1,0,0,15,233503,1,1,0
United States,2020-11-16,0,12384,1,3,1,1,5,233503,1,2,0
United States,2020-11-11,29,12384,1,1,0,0,13,233503,1,6,0
Italy,2020-12-04,4,386,9,1,1,0,55,7897,11,28,6
Italy,2020-12-02,5,386,9,1,1,0,57,7897,11,33,5
Italy,2021-01-24,0,386,9,1,1,1,5,7897,11,5,0
Canada,2021-02-03,0,2067,3,1,0,0,5,37914,3,0,0
Canada,2021-01-06,15,2067,3,1,1,0,357,37914,3,118,8
United States,2020-12-05,30,12384,1,1,0,0,29,233503,1,4,0
Italy,2021-01-20,2,386,9,1,0,0,1,7897,11,0,0
United Kingdom,2020-12-28,2,859,4,1,0,0,3,15748,4,0,0
Germany,2021-01-26,1,490,8,1,0,0,0,9483,8,0,0
India,2020-12-05,4,2687,2,1,1,1,19,51189,2,8,1
Singapore,2020-12-27,0,375,10,2,1,0,6,8899,10,0,0
Italy,2020-12-14,3,386,9,1,1,0,54,7897,11,19,3
China,2020-12-25,1,490,8,1,0,0,1,10181,5,0,0
Canada,2021-01-18,7,2067,3,1,0,0,3,37914,3,1,0
Spain,2021-02-07,0,536,6,7,1,1,7,9491,7,7,0
China,2020-12-26,1,490,8,1,1,1,6,10181,5,6,0
China,2020-11-17,3,490,8,1,1,0,46,10181,5,26,2
China,2021-01-08,2,490,8,1,0,0,6,10181,5,1,0
Italy,2021-02-24,0,386,9,1,1,0,7,7897,11,1,0
United States,2021-01-22,2,12384,1,1,0,1,14,233503,1,1,0
India,2021-01-23,14,2687,2,1,1,0,451,51189,2,181,26
Italy,2021-01-24,1,386,9,1,1,0,72,7897,11,29,4
United States,2021-02-07,0,12384,1,7,1,0,16,233503,1,5,1
Singapore,2021-02-06,0,375,10,2,1,0,1,8899,10,0,0
Spain,2020-11-04,1,536,6,1,0,0,0,9491,7,0,0
India,2020-11-24,1,2687,2,1,0,1,0,51189,2,0,0
Italy,2020-11-18,3,386,9,1,1,1,0,7897,11,0,0
Singapore,2020-11-24,4,375,10,1,1,0,68,8899,10,15,1
Italy,2021-02-07,0,386,9,1,1,0,55,7897,11,13,0
United States,2020-11-12,4,12384,1,1,0,1,7,233503,1,0,0
United Kingdom,2020-11-14,3,859,4,1,0,0,1,15748,4,0,0
Germany,2021-01-30,0,490,8,7,1,1,3,9483,8,0,0
India,2021-01-04,5,2687,2,1,1,1,35,51189,2,13,1
Italy,2020-12-28,1,386,9,1,0,0,0,7897,11,0,0
Canada,2020-11-30,1,2067,3,1,1,1,23,37914,3,20,4
India,2020-11-15,4,2687,2,1,0,0,0,51189,2,0,0
Germany,2021-01-18,1,490,8,1,1,0,111,9483,8,39,10
Spain,2021-01-29,0,536,6,1,1,0,78,9491,7,20,4
United States,2020-12-28,0,12384,1,3,1,0,5,233503,1,0,0
Germany,2021-02-03,0,490,8,1,1,1,5,9483,8,3,0
Italy,2020-11-12,4,386,9,1,1,0,28,7897,11,18,3
China,2020-11-21,1,490,8,1,0,0,0,10181,5,0,0
United Kingdom,2020-11-24,1,859,4,1,1,1,3,15748,4,0,0
India,2021-01-15,1,2687,2,7,1,0,4,51189,2,1,0
China,2021-01-31,0,490,8,1,1,1,3,10181,5,0,0
France,2021-01-27,1,553,5,1,1,1,4,9520,6,2,0
Canada,2020-11-07,6,2067,3,1,0,0,1,37914,3,0,0
China,2020-11-14,0,490,8,1,0,0,1,10181,5,0,0
United States,2020-11-18,3,12384,1,7,1,0,15,233503,1,10,0
Germany,2020-12-12,2,490,8,1,0,0,2,9483,8,0,0
Taiwan,2021-01-17,1,500,7,1,0,0,0,9189,9,0,0
United States,2020-12-25,0,12384,1,3,1,0,9,233503,1,4,0
Italy,2020-12-01,4,386,9,1,1,0,65,7897,11,40,6
India,2020-12-10,23,2687,2,1,1,0,556,51189,2,188,27
Canada,2021-01-21,0,2067,3,3,1,0,1,37914,3,1,0
Singapore,2020-12-16,4,375,10,1,0,0,3,8899,10,0,0
United Kingdom,2021-02-06,0,859,4,1,1,1,11,15748,4,11,0
Spain,2021-02-02,0,536,6,1,1,0,59,9491,7,15,0
United States,2020-11-21,63,12384,1,1,1,0,1532,233503,1,537,55
Singapore,2020-11-25,1,375,10,1,0,1,0,8899,10,0,0
France,2021-01-15,2,553,5,1,1,1,6,9520,6,6,3
India,2020-12-30,1,2687,2,1,0,1,0,51189,2,0,0
Italy,2020-11-07,0,386,9,7,1,1,3,7897,11,0,0
India,2021-02-18,0,2687,2,7,1,0,1,51189,2,0,0
India,2021-02-07,0,2687,2,1,0,1,3,51189,2,0,0
Taiwan,2020-11-10,3,500,7,1,1,1,1,9189,9,0,0
Italy,2021-01-25,0,386,9,7,1,1,5,7897,11,0,0
Canada,2021-01-01,3,2067,3,1,1,1,45,37914,3,23,4
United Kingdom,2020-12-17,1,859,4,1,0,0,1,15748,4,1,0
United Kingdom,2021-01-05,0,859,4,7,1,0,2,15748,4,2,0
France,2021-01-22,2,553,5,1,1,1,3,9520,6,1,0
Germany,2021-01-18,2,490,8,1,0,0,0,9483,8,0,0
United States,2021-01-11,36,12384,1,1,0,0,26,233503,1,11,0
China,2020-11-11,1,490,8,1,0,0,3,10181,5,0,0
United States,2020-11-16,73,12384,1,1,1,0,1055,233503,1,393,39
France,2020-12-28,3,553,5,1,1,1,34,9520,6,31,0
India,2020-11-22,1,2687,2,1,0,1,1,51189,2,0,0
Spain,2021-01-07,5,536,6,1,1,0,90,9491,7,26,2
Singapore,2020-12-02,7,375,10,1,1,0,65,8899,10,7,0
India,2020-12-26,5,2687,2,1,0,0,3,51189,2,1,0
India,2020-11-10,4,2687,2,1,1,1,19,51189,2,5,1
United States,2020-12-23,2,12384,1,1,0,1,1,233503,1,0,0
United Kingdom,2020-12-27,1,859,4,1,0,0,1,15748,4,0,0
United States,2021-01-26,15,12384,1,1,1,1,244,233503,1,130,15
United States,2020-12-01,0,12384,1,7,1,1,7,233503,1,7,0
Spain,2021-01-17,3,536,6,1,0,0,4,9491,7,0,0
Germany,2021-01-20,1,490,8,1,0,0,0,9483,8,0,0
Canada,2021-01-14,1,2067,3,1,0,1,3,37914,3,0,0
Taiwan,2020-12-06,1,500,7,1,1,1,7,9189,9,4,0
Germany,2020-11-05,1,490,8,1,1,1,0,9483,8,0,0
United States,2021-01-30,0,12384,1,1,1,1,195,233503,1,97,11
India,2021-01-24,0,2687,2,7,1,0,2,51189,2,0,0
Taiwan,2020-11-13,2,500,7,1,0,0,0,9189,9,0,0
United Kingdom,2020-12-24,3,859,4,1,0,0,2,15748,4,0,0
India,2021-01-12,0,2687,2,7,1,0,8,51189,2,1,0
Germany,2021-02-25,0,490,8,1,1,0,14,9483,8,0,0
India,2020-12-08,1,2687,2,7,1,0,1,51189,2,1,1
United States,2021-02-11,0,12384,1,7,1,1,4,233503,1,0,0
United Kingdom,2020-11-23,1,859,4,1,0,0,1,15748,4,0,0
United States,2020-11-18,1,12384,1,3,1,1,11,233503,1,9,4
United States,2021-01-31,0,12384,1,1,1,1,195,233503,1,83,13
China,2020-12-28,1,490,8,1,0,0,0,10181,5,0,0
United States,2020-11-08,2,12384,1,1,0,1,0,233503,1,0,0
United States,2020-12-04,1,12384,1,3,1,0,14,233503,1,9,1
United Kingdom,2021-01-20,0,859,4,1,1,1,18,15748,4,17,0
China,2020-11-05,4,490,8,1,1,0,6,10181,5,0,0
Taiwan,2020-12-05,1,500,7,1,1,1,5,9189,9,3,2
United States,2021-01-12,2,12384,1,1,0,1,5,233503,1,1,0
Italy,2021-01-23,0,386,9,3,1,0,3,7897,11,3,2
France,2021-01-06,1,553,5,1,1,1,16,9520,6,14,0
United Kingdom,2020-11-19,1,859,4,1,1,1,7,15748,4,4,0
China,2020-12-15,0,490,8,1,1,1,11,10181,5,11,0
Spain,2021-01-26,1,536,6,1,1,0,75,9491,7,22,4
India,2020-11-23,2,2687,2,1,1,1,40,51189,2,24,3
Spain,2020-11-24,3,536,6,1,0,0,2,9491,7,0,0
China,2021-01-24,1,490,8,1,0,0,4,10181,5,1,0
Germany,2021-01-08,1,490,8,1,0,1,0,9483,8,0,0
United Kingdom,2020-12-11,5,859,4,1,0,0,0,15748,4,0,0
Germany,2021-01-04,0,490,8,1,1,1,3,9483,8,0,0
United Kingdom,2020-11-24,1,859,4,1,0,1,0,15748,4,0,0
United States,2020-11-22,0,12384,1,3,1,1,5,233503,1,5,0
Canada,2020-12-08,4,2067,3,1,1,1,47,37914,3,27,1
China,2021-02-02,0,490,8,1,1,1,3,10181,5,0,0
Germany,2020-11-07,1,490,8,1,0,0,1,9483,8,1,0
United States,2020-12-08,76,12384,1,1,0,0,23,233503,1,5,0
Italy,2021-02-10,0,386,9,3,1,0,6,7897,11,3,0
Singapore,2020-11-02,2,375,10,1,0,0,2,8899,10,0,0
Canada,2020-12-11,1,2067,3,7,1,0,7,37914,3,0,0
United Kingdom,2021-01-26,3,859,4,1,1,1,12,15748,4,8,0
United States,2020-12-10,110,12384,1,1,1,0,2453,233503,1,760,87
United States,2020-12-25,54,12384,1,1,1,0,2573,233503,1,870,105
United States,2020-11-29,14,12384,1,1,1,1,184,233503,1,94,17
United Kingdom,2021-01-10,2,859,4,1,1,1,7,15748,4,1,1
United Kingdom,2021-01-08,8,859,4,1,1,0,148,15748,4,36,3
China,2020-11-26,1,490,8,1,1,1,9,10181,5,0,0
Taiwan,2021-01-08,0,500,7,1,1,1,8,9189,9,5,0
United States,2020-12-11,2,12384,1,1,0,1,4,233503,1,0,0
Italy,2021-01-21,0,386,9,1,1,1,5,7897,11,5,0
Singapore,2020-11-25,2,375,10,1,0,0,0,8899,10,0,0
Spain,2021-02-01,0,536,6,1,1,0,69,9491,7,22,0
Taiwan,2020-11-19,2,500,7,1,1,0,58,9189,9,22,3
Singapore,2021-02-25,0,375,10,1,1,0,6,8899,10,5,1
United Kingdom,2020-11-11,3,859,4,1,0,0,2,15748,4,0,0
Singapore,2020-12-10,1,375,10,1,1,1,17,8899,10,7,1
Germany,2020-12-25,0,490,8,1,1,1,12,9483,8,11,1
Canada,2021-01-26,0,2067,3,7,1,0,1,37914,3,0,0
United States,2020-12-19,32,12384,1,1,0,0,31,233503,1,15,0
Singapore,2021-01-02,0,375,10,1,1,1,4,8899,10,4,0
Spain,2021-01-14,0,536,6,1,1,1,16,9491,7,13,0
Spain,2021-01-30,0,536,6,1,1,0,71,9491,7,16,3
United States,2021-02-13,0,12384,1,7,1,0,5,233503,1,3,0
China,2021-01-23,2,490,8,1,0,0,3,10181,5,2,0
France,2020-12-16,4,553,5,1,0,0,2,9520,6,0,0
Italy,2021-01-09,0,386,9,1,0,1,1,7897,11,0,0
Germany,2020-11-03,1,490,8,1,1,0,6,9483,8,6,1
United States,2021-01-05,1,12384,1,1,0,1,1,233503,1,0,0
France,2021-01-10,4,553,5,1,1,0,96,9520,6,26,0
Canada,2021-01-15,0,2067,3,7,1,1,2,37914,3,1,0
United Kingdom,2021-01-12,0,859,4,1,0,1,7,15748,4,0,0
France,2021-01-16,0,553,5,1,1,1,6,9520,6,5,0
Germany,2020-12-22,0,490,8,2,1,0,6,9483,8,4,0
United States,2020-12-19,0,12384,1,7,1,0,23,233503,1,9,4
India,2020-11-14,2,2687,2,1,1,1,11,51189,2,4,2
United Kingdom,2021-01-10,0,859,4,7,1,0,6,15748,4,1,0
Canada,2021-01-15,0,2067,3,7,1,0,3,37914,3,0,0
China,2021-01-10,0,490,8,1,1,0,101,10181,5,30,3
Canada,2020-12-03,11,2067,3,1,0,0,5,37914,3,3,0
France,2020-11-20,1,553,5,1,1,1,5,9520,6,5,2
Taiwan,2020-11-15,1,500,7,1,1,1,0,9189,9,0,0
United States,2020-12-16,3,12384,1,7,1,0,24,233503,1,11,0
United Kingdom,2021-01-08,0,859,4,1,0,1,7,15748,4,0,0
Taiwan,2021-01-28,0,500,7,1,1,0,69,9189,9,24,2
India,2020-12-07,15,2687,2,1,0,0,10,51189,2,4,0
Taiwan,2020-12-19,1,500,7,1,1,0,105,9189,9,19,4
Taiwan,2020-12-13,0,500,7,3,1,1,5,9189,9,0,0
United States,2021-01-19,0,12384,1,3,1,0,1,233503,1,1,1
France,2021-01-11,0,553,5,7,1,0,3,9520,6,0,0
China,2020-12-11,4,490,8,1,1,1,10,10181,5,8,0
Taiwan,2020-12-08,7,500,7,1,0,0,7,9189,9,4,0
United States,2020-12-16,44,12384,1,1,0,0,36,233503,1,11,0
Canada,2021-01-22,1,2067,3,7,1,1,0,37914,3,0,0
China,2020-12-01,1,490,8,1,1,0,82,10181,5,31,1
Italy,2020-12-10,2,386,9,1,0,0,4,7897,11,3,0
Germany,2020-12-28,0,490,8,1,1,1,8,9483,8,4,0
Taiwan,2020-11-25,2,500,7,1,0,0,1,9189,9,0,0
Spain,2020-11-02,6,536,6,1,1,0,16,9491,7,5,0
India,2020-11-12,1,2687,2,1,0,1,0,51189,2,0,0
France,2020-11-27,0,553,5,1,1,1,3,9520,6,3,0
United Kingdom,2021-01-07,1,859,4,1,1,1,7,15748,4,1,0
Germany,2020-12-27,3,490,8,1,1,0,98,9483,8,30,3
United States,2021-01-10,0,12384,1,7,1,1,6,233503,1,6,0
Canada,2020-11-14,3,2067,3,1,0,0,4,37914,3,0,0
India,2020-12-14,0,2687,2,1,0,1,1,51189,2,0,0
United Kingdom,2020-12-23,1,859,4,1,1,1,12,15748,4,6,0
Taiwan,2020-12-06,1,500,7,1,0,0,0,9189,9,0,0
United Kingdom,2020-11-23,2,859,4,1,1,1,5,15748,4,2,0
United Kingdom,2020-12-17,1,859,4,1,1,1,12,15748,4,6,1
United States,2021-01-18,0,12384,1,7,1,1,3,233503,1,3,0
Germany,2020-11-30,4,490,8,1,1,0,53,9483,8,16,3
Canada,2020-11-24,7,2067,3,1,1,1,27,37914,3,16,2
United Kingdom,2021-01-06,3,859,4,1,1,1,7,15748,4,2,0
Germany,2021-01-26,0,490,8,7,1,1,4,9483,8,0,0
United States,2020-12-10,5,12384,1,1,0,1,12,233503,1,2,1
India,2021-01-02,0,2687,2,7,1,0,7,51189,2,5,1
Canada,2021-01-05,1,2067,3,1,0,1,0,37914,3,0,0
India,2021-01-13,6,2687,2,1,1,1,42,51189,2,23,5
Spain,2020-12-23,3,536,6,1,1,0,129,9491,7,37,3
United Kingdom,2021-01-24,2,859,4,1,1,0,165,15748,4,37,5
Singapore,2021-02-17,0,375,10,1,1,0,34,8899,10,19,1
Canada,2021-02-13,0,2067,3,1,0,0,5,37914,3,0,0
India,2020-12-13,0,2687,2,7,1,0,10,51189,2,9,3
India,2021-01-30,0,2687,2,1,0,0,4,51189,2,1,0
India,2020-11-03,0,2687,2,7,1,0,2,51189,2,0,0
China,2020-12-02,3,490,8,1,1,0,81,10181,5,35,3
Italy,2020-11-24,4,386,9,1,1,0,60,7897,11,29,7
United Kingdom,2021-02-02,0,859,4,1,1,1,7,15748,4,7,0
Italy,2020-12-24,3,386,9,1,1,0,79,7897,11,32,0
India,2020-11-17,5,2687,2,1,0,0,4,51189,2,2,0
Spain,2020-12-23,0,536,6,1,1,1,13,9491,7,4,1
United States,2020-12-12,1,12384,1,1,0,1,2,233503,1,0,0
Canada,2020-12-24,0,2067,3,1,1,1,39,37914,3,18,3
China,2020-12-07,7,490,8,1,1,0,78,10181,5,34,4
Italy,2020-12-15,3,386,9,1,1,0,58,7897,11,22,1
United Kingdom,2021-01-24,2,859,4,1,0,0,2,15748,4,0,0
Canada,2020-12-19,3,2067,3,1,1,1,55,37914,3,38,7
Canada,2021-01-15,10,2067,3,1,1,0,326,37914,3,126,5
Italy,2021-01-13,7,386,9,1,0,0,8,7897,11,0,0
Singapore,2021-01-31,0,375,10,1,1,0,88,8899,10,20,1
Canada,2020-12-25,0,2067,3,7,1,1,2,37914,3,2,0
China,2020-12-07,1,490,8,1,0,0,0,10181,5,0,0
Italy,2021-01-31,0,386,9,7,1,1,5,7897,11,0,0
Canada,2021-02-15,0,2067,3,1,1,1,3,37914,3,3,1
Taiwan,2020-12-14,0,500,7,1,1,1,12,9189,9,5,0
Singapore,2020-12-31,1,375,10,1,0,0,0,8899,10,0,0
United Kingdom,2021-02-18,0,859,4,1,1,1,10,15748,4,8,0
Singapore,2020-11-05,3,375,10,1,1,0,15,8899,10,9,1
Germany,2021-01-21,3,490,8,1,1,0,110,9483,8,35,9
Spain,2020-11-08,2,536,6,1,1,1,0,9491,7,0,0
United States,2020-12-03,2,12384,1,1,0,1,12,233503,1,0,0
Italy,2021-01-10,0,386,9,1,1,1,13,7897,11,2,0
United States,2020-12-24,23,12384,1,1,0,0,29,233503,1,13,0
India,2021-01-23,0,2687,2,3,1,0,7,51189,2,7,0
Italy,2020-12-16,0,386,9,1,1,1,20,7897,11,4,0
India,2020-12-21,0,2687,2,7,1,0,12,51189,2,12,3
Spain,2020-11-30,2,536,6,1,1,1,6,9491,7,1,0
Germany,2021-01-11,0,490,8,2,1,0,7,9483,8,4,0
United States,2020-11-12,1,12384,1,2,1,1,0,233503,1,0,0
Canada,2021-02-09,0,2067,3,1,0,0,5,37914,3,0,0
Germany,2020-11-12,1,490,8,1,0,0,0,9483,8,0,0
Italy,2020-11-06,1,386,9,1,1,1,0,7897,11,0,0
United States,2021-02-16,0,12384,1,1,1,1,22,233503,1,17,3
China,2020-11-12,3,490,8,1,1,0,15,10181,5,12,0
United States,2021-01-24,0,12384,1,7,1,1,5,233503,1,0,0
United States,2021-02-21,0,12384,1,7,1,0,5,233503,1,5,1
India,2021-02-11,0,2687,2,1,1,1,34,51189,2,13,0
United States,2021-01-05,1,12384,1,7,1,1,11,233503,1,11,0
Canada,2020-12-23,1,2067,3,7,1,0,9,37914,3,0,0
Singapore,2021-01-18,3,375,10,1,0,0,0,8899,10,0,0
Italy,2021-01-17,1,386,9,1,1,0,77,7897,11,25,5
Canada,2020-11-05,6,2067,3,1,0,0,3,37914,3,0,0
Taiwan,2021-01-12,3,500,7,1,0,0,0,9189,9,0,0
Germany,2021-02-01,0,490,8,7,1,1,1,9483,8,1,0
Spain,2021-02-15,0,536,6,1,1,0,20,9491,7,2,0
Germany,2020-12-13,1,490,8,1,0,0,1,9483,8,1,0
Spain,2020-12-07,5,536,6,1,1,0,98,9491,7,25,3
United States,2020-11-10,1,12384,1,7,1,0,11,233503,1,6,0
France,2020-12-25,1,553,5,1,1,0,103,9520,6,38,4
United States,2020-12-12,2,12384,1,7,1,0,30,233503,1,19,8
Canada,2020-12-22,1,2067,3,7,1,1,0,37914,3,0,0
United States,2020-11-16,0,12384,1,1,0,1,4,233503,1,0,0
United States,2021-02-06,0,12384,1,7,1,1,3,233503,1,0,0
Canada,2021-01-22,16,2067,3,1,1,0,333,37914,3,118,13
Taiwan,2020-11-18,2,500,7,1,0,0,2,9189,9,1,0
Canada,2020-12-14,6,2067,3,1,1,1,49,37914,3,38,4
United States,2020-12-20,24,12384,1,1,1,1,252,233503,1,125,12
Canada,2021-02-04,0,2067,3,1,1,0,235,37914,3,54,4
Singapore,2020-12-13,0,375,10,1,0,0,2,8899,10,1,0
United States,2020-12-27,61,12384,1,1,1,0,2570,233503,1,880,91
United Kingdom,2021-01-18,4,859,4,1,1,0,138,15748,4,33,2
Germany,2021-02-19,0,490,8,1,1,0,46,9483,8,16,1
India,2020-11-09,0,2687,2,7,1,0,2,51189,2,0,0
Canada,2021-01-18,2,2067,3,1,1,1,44,37914,3,29,1
Canada,2021-01-02,0,2067,3,3,1,0,12,37914,3,7,0
Canada,2021-01-09,1,2067,3,7,1,1,2,37914,3,2,0
France,2021-02-17,0,553,5,1,1,0,35,9520,6,12,0
India,2021-01-03,17,2687,2,1,1,0,559,51189,2,211,25
Taiwan,2020-12-23,1,500,7,1,0,0,1,9189,9,1,0
India,2020-12-21,0,2687,2,7,1,1,3,51189,2,0,0
China,2020-12-13,1,490,8,1,0,0,0,10181,5,0,0
India,2021-01-08,8,2687,2,1,1,1,51,51189,2,36,6
Singapore,2020-12-29,0,375,10,2,1,0,6,8899,10,0,0
United States,2020-11-13,0,12384,1,7,1,0,19,233503,1,12,0
Italy,2021-01-19,0,386,9,1,1,1,5,7897,11,5,0
Italy,2020-12-06,0,386,9,1,1,1,6,7897,11,4,1
Spain,2020-12-24,2,536,6,1,1,1,11,9491,7,3,0
Italy,2020-11-08,1,386,9,1,1,0,9,7897,11,1,0
Germany,2020-11-19,0,490,8,1,1,0,60,9483,8,26,2
Spain,2021-01-24,0,536,6,7,1,0,3,9491,7,0,0
United States,2020-11-02,2,12384,1,7,1,0,0,233503,1,0,0
United Kingdom,2020-11-04,1,859,4,7,1,0,0,15748,4,0,0
United States,2021-01-25,64,12384,1,1,1,0,2369,233503,1,780,90
Italy,2020-11-15,1,386,9,1,0,0,0,7897,11,0,0
Canada,2020-12-03,15,2067,3,1,1,0,426,37914,3,140,14
United States,2021-01-29,0,12384,1,1,1,0,2333,233503,1,871,72
France,2021-01-09,0,553,5,7,1,0,3,9520,6,0,0
United Kingdom,2020-12-08,1,859,4,1,0,0,0,15748,4,0,0
United Kingdom,2021-02-08,0,859,4,1,1,0,117,15748,4,50,1
Italy,2020-11-11,4,386,9,1,1,0,24,7897,11,12,2
United States,2021-02-01,0,12384,1,3,1,0,1,233503,1,1,0
France,2020-11-17,0,553,5,7,1,1,3,9520,6,3,1
Singapore,2020-11-24,0,375,10,1,1,1,5,8899,10,0,0
United States,2020-11-30,8,12384,1,1,0,1,5,233503,1,0,0
United States,2021-01-18,0,12384,1,7,1,0,15,233503,1,10,1
France,2020-12-19,0,553,5,1,0,1,1,9520,6,0,0
United States,2021-01-16,18,12384,1,1,1,1,181,233503,1,91,13
India,2021-01-18,3,2687,2,1,1,1,28,51189,2,16,1
China,2020-12-11,4,490,8,1,0,0,4,10181,5,1,0
United States,2021-02-08,0,12384,1,1,1,0,1468,233503,1,529,34
United States,2021-02-18,0,12384,1,7,1,0,6,233503,1,6,0
Germany,2020-11-26,1,490,8,1,0,0,1,9483,8,0,0
France,2020-11-12,2,553,5,1,1,0,18,9520,6,4,0
Taiwan,2020-12-15,0,500,7,3,1,1,6,9189,9,0,0
United States,2020-12-22,2,12384,1,1,0,1,6,233503,1,1,0
Taiwan,2021-01-15,1,500,7,1,0,0,2,9189,9,0,0
United States,2021-02-21,0,12384,1,7,1,1,4,233503,1,0,0
United States,2020-12-24,0,12384,1,7,1,1,6,233503,1,0,0
United States,2020-11-10,83,12384,1,1,1,0,706,233503,1,297,33
Germany,2020-12-15,1,490,8,1,0,0,1,9483,8,0,0
United States,2020-12-05,1,12384,1,3,1,1,0,233503,1,0,0
Spain,2021-01-05,0,536,6,1,1,1,3,9491,7,1,0
Canada,2020-12-27,0,2067,3,7,1,1,2,37914,3,2,0
Spain,2021-02-07,0,536,6,1,1,1,5,9491,7,0,0
India,2020-11-17,5,2687,2,1,1,1,23,51189,2,15,2
Spain,2020-11-22,1,536,6,1,0,0,2,9491,7,2,0
Canada,2021-01-11,13,2067,3,1,1,0,291,37914,3,82,12
Canada,2020-12-21,1,2067,3,2,1,0,0,37914,3,0,0
Taiwan,2021-02-21,0,500,7,1,1,0,19,9189,9,7,0
China,2021-02-16,0,490,8,1,1,0,17,10181,5,0,0
Canada,2021-01-16,6,2067,3,1,0,0,11,37914,3,4,0
United States,2021-01-17,62,12384,1,1,1,0,2215,233503,1,799,96
Canada,2020-11-12,3,2067,3,1,0,0,0,37914,3,0,0
Spain,2021-01-16,0,536,6,1,1,1,6,9491,7,6,0
Spain,2020-12-27,0,536,6,1,1,1,5,9491,7,2,0
United Kingdom,2020-12-02,1,859,4,1,1,1,4,15748,4,3,0
Italy,2021-01-01,1,386,9,1,0,0,2,7897,11,0,0
Taiwan,2021-01-04,2,500,7,1,0,0,0,9189,9,0,0
Singapore,2021-01-10,0,375,10,1,1,1,4,8899,10,4,0
United States,2021-02-02,0,12384,1,3,1,0,3,233503,1,3,0
Germany,2020-11-30,2,490,8,1,0,0,1,9483,8,0,0
United States,2020-12-15,0,12384,1,3,1,0,14,233503,1,4,0
Spain,2021-02-09,0,536,6,7,1,1,7,9491,7,7,0
France,2020-12-22,2,553,5,1,1,0,92,9520,6,46,4
Spain,2020-12-10,0,536,6,1,1,1,4,9491,7,1,0
China,2021-01-19,0,490,8,1,1,1,4,10181,5,0,0
Germany,2021-01-22,5,490,8,1,1,0,120,9483,8,48,5
Spain,2020-12-25,0,536,6,1,1,1,11,9491,7,2,0
Canada,2020-12-18,6,2067,3,1,1,1,62,37914,3,39,5
Germany,2021-01-30,0,490,8,1,1,0,68,9483,8,24,8
United Kingdom,2021-01-05,6,859,4,1,0,0,1,15748,4,0,0
Italy,2020-11-29,4,386,9,1,1,0,64,7897,11,30,5
Italy,2021-01-16,0,386,9,1,0,0,3,7897,11,0,0
Singapore,2020-12-30,0,375,10,2,1,0,4,8899,10,0,0
China,2020-12-05,0,490,8,7,1,1,6,10181,5,6,1
United States,2020-12-07,105,12384,1,1,1,0,2219,233503,1,684,91
Italy,2020-12-10,4,386,9,1,1,0,73,7897,11,18,0
France,2020-11-23,2,553,5,1,0,0,3,9520,6,1,0
United States,2021-02-15,0,12384,1,7,1,0,7,233503,1,6,0
Taiwan,2021-01-06,1,500,7,1,0,0,0,9189,9,0,0
United States,2020-11-06,0,12384,1,1,0,1,1,233503,1,0,0
France,2021-01-07,1,553,5,1,0,1,1,9520,6,0,0
Canada,2020-12-29,0,2067,3,3,1,0,12,37914,3,9,0
Canada,2020-12-07,20,2067,3,1,1,0,432,37914,3,151,21
Canada,2020-12-01,17,2067,3,1,1,0,414,37914,3,145,12
India,2021-01-23,5,2687,2,1,0,0,6,51189,2,4,0
Italy,2021-02-13,0,386,9,7,1,1,5,7897,11,0,0
Germany,2021-01-18,0,490,8,7,1,1,4,9483,8,1,0
United States,2020-12-18,2,12384,1,1,0,1,2,233503,1,0,0
Spain,2020-11-15,1,536,6,1,1,1,0,9491,7,0,0
United Kingdom,2021-01-09,5,859,4,1,1,0,150,15748,4,38,8
China,2021-01-16,1,490,8,1,1,0,113,10181,5,49,7
India,2021-02-13,0,2687,2,1,0,1,3,51189,2,1,0
Singapore,2020-12-31,1,375,10,1,1,0,115,8899,10,26,2
Germany,2021-01-01,0,490,8,1,1,0,93,9483,8,36,2
India,2020-12-12,0,2687,2,3,1,0,2,51189,2,0,0
Singapore,2020-11-07,0,375,10,1,0,0,1,8899,10,1,0
France,2020-12-06,2,553,5,1,1,0,61,9520,6,27,5
Taiwan,2020-12-10,0,500,7,7,1,0,2,9189,9,0,0
United States,2021-02-09,0,12384,1,7,1,1,3,233503,1,0,0
United Kingdom,2021-01-11,1,859,4,1,1,1,1,15748,4,0,0
France,2021-01-20,0,553,5,7,1,0,3,9520,6,0,0
United States,2020-12-22,1,12384,1,7,1,1,6,233503,1,0,0
United Kingdom,2020-11-30,9,859,4,1,1,0,174,15748,4,75,17
India,2021-02-11,0,2687,2,1,0,1,2,51189,2,0,0
Germany,2020-11-19,1,490,8,1,1,1,0,9483,8,0,0
United States,2021-02-24,0,12384,1,1,1,0,163,233503,1,56,9
Spain,2021-01-02,5,536,6,1,1,0,112,9491,7,43,3
India,2020-11-20,22,2687,2,1,1,0,333,51189,2,106,13
Spain,2021-01-06,3,536,6,1,1,0,103,9491,7,33,2
United States,2021-02-11,0,12384,1,1,1,1,72,233503,1,25,3
United Kingdom,2020-12-11,6,859,4,1,1,0,189,15748,4,54,9
Germany,2020-12-16,2,490,8,1,0,0,0,9483,8,0,0
China,2020-12-20,0,490,8,7,1,1,7,10181,5,5,2
India,2021-01-25,23,2687,2,1,1,0,452,51189,2,176,17
Germany,2021-01-12,1,490,8,7,1,1,2,9483,8,2,1
Taiwan,2020-12-05,0,500,7,7,1,0,2,9189,9,0,0
China,2020-12-10,4,490,8,1,1,0,100,10181,5,47,10
Singapore,2021-01-23,0,375,10,1,1,0,109,8899,10,41,2
Taiwan,2020-12-08,0,500,7,7,1,0,1,9189,9,0,0
United States,2020-11-11,1,12384,1,7,1,0,15,233503,1,13,3
Taiwan,2021-01-21,1,500,7,1,1,1,4,9189,9,4,0
Singapore,2021-02-07,0,375,10,1,1,0,41,8899,10,19,0
Canada,2021-01-28,0,2067,3,7,1,0,1,37914,3,0,0
Taiwan,2021-01-01,0,500,7,1,1,1,13,9189,9,6,0
United States,2020-12-22,72,12384,1,1,1,0,2725,233503,1,926,93
United States,2021-01-22,20,12384,1,1,1,1,203,233503,1,114,15
France,2020-11-20,3,553,5,1,1,0,39,9520,6,11,1
France,2020-12-14,1,553,5,1,0,0,0,9520,6,0,0
United States,2020-12-28,1,12384,1,7,1,0,15,233503,1,3,1
Germany,2021-01-25,1,490,8,1,1,1,5,9483,8,3,1
United States,2020-12-18,51,12384,1,1,0,0,39,233503,1,11,1
China,2021-01-01,3,490,8,1,1,0,107,10181,5,34,8
China,2021-01-25,2,490,8,1,0,0,0,10181,5,0,0
France,2021-01-12,0,553,5,7,1,0,10,9520,6,2,0
Germany,2021-01-09,0,490,8,2,1,0,6,9483,8,0,0
United States,2021-01-28,0,12384,1,1,0,1,7,233503,1,4,2
Singapore,2021-01-06,1,375,10,1,0,0,0,8899,10,0,0
United States,2020-12-26,0,12384,1,7,1,0,17,233503,1,10,6
China,2021-01-10,2,490,8,1,0,0,0,10181,5,0,0
Singapore,2021-01-31,0,375,10,1,1,1,5,8899,10,1,0
United States,2021-01-28,0,12384,1,1,1,1,227,233503,1,112,11
France,2020-11-12,0,553,5,7,1,1,1,9520,6,1,0
Canada,2020-12-18,8,2067,3,1,0,0,7,37914,3,0,0
United States,2020-12-01,0,12384,1,3,1,1,6,233503,1,1,0
France,2020-12-18,4,553,5,1,0,0,2,9520,6,1,0
United States,2020-12-14,101,12384,1,1,1,0,2585,233503,1,876,116
Germany,2020-11-27,1,490,8,1,0,0,0,9483,8,0,0
Spain,2020-12-09,5,536,6,1,1,0,111,9491,7,30,4
Singapore,2020-11-04,2,375,10,1,1,1,0,8899,10,0,0
India,2021-01-14,1,2687,2,1,0,1,6,51189,2,5,0
United States,2020-12-20,0,12384,1,7,1,1,8,233503,1,3,0
United Kingdom,2020-11-27,0,859,4,1,0,1,1,15748,4,0,0
United States,2020-12-07,53,12384,1,1,0,0,25,233503,1,5,0
China,2021-01-02,7,490,8,1,1,0,123,10181,5,43,6
China,2020-11-19,4,490,8,1,1,0,61,10181,5,32,2
United States,2020-11-02,78,12384,1,1,1,0,135,233503,1,62,12
China,2020-12-21,3,490,8,1,0,0,1,10181,5,0,0
Taiwan,2020-12-10,4,500,7,1,1,0,122,9189,9,43,7
Singapore,2021-01-06,3,375,10,1,1,1,8,8899,10,5,1
United Kingdom,2021-02-19,0,859,4,1,1,1,11,15748,4,8,0
Germany,2020-11-27,2,490,8,1,1,1,9,9483,8,4,2
Italy,2020-12-12,2,386,9,1,1,1,21,7897,11,11,2
France,2021-01-02,0,553,5,7,1,1,7,9520,6,0,0
United Kingdom,2021-02-17,0,859,4,1,1,1,9,15748,4,7,0
Germany,2021-01-21,1,490,8,1,0,0,0,9483,8,0,0
Singapore,2021-01-04,0,375,10,1,0,0,1,8899,10,0,0
Canada,2020-11-26,14,2067,3,1,1,0,322,37914,3,110,19
Canada,2021-01-19,14,2067,3,1,1,0,310,37914,3,96,7
China,2020-11-10,4,490,8,1,1,0,10,10181,5,10,1
France,2021-01-18,1,553,5,1,0,1,1,9520,6,0,0
Taiwan,2020-11-14,1,500,7,1,0,0,0,9189,9,0,0
Taiwan,2021-02-02,0,500,7,1,1,0,59,9189,9,16,0
Taiwan,2021-01-05,8,500,7,1,1,0,120,9189,9,27,3
China,2020-12-22,0,490,8,1,1,1,13,10181,5,13,0
India,2021-02-10,0,2687,2,1,1,0,225,51189,2,64,4
India,2020-12-27,0,2687,2,1,1,1,60,51189,2,27,5
Taiwan,2020-12-21,1,500,7,1,0,0,0,9189,9,0,0
China,2021-01-28,0,490,8,1,1,1,3,10181,5,2,0
India,2020-11-21,3,2687,2,1,1,1,31,51189,2,14,0
France,2021-01-18,1,553,5,1,0,0,0,9520,6,0,0
United States,2020-12-13,0,12384,1,7,1,0,31,233503,1,20,6
Canada,2020-12-17,1,2067,3,3,1,0,0,37914,3,0,0
Canada,2021-01-14,0,2067,3,7,1,0,1,37914,3,0,0
Taiwan,2021-01-13,4,500,7,1,1,0,119,9189,9,23,4
China,2020-11-20,4,490,8,1,1,0,61,10181,5,29,5
United Kingdom,2020-11-08,0,859,4,1,1,1,8,15748,4,8,0
United States,2021-02-05,0,12384,1,3,1,0,3,233503,1,3,0
United Kingdom,2021-01-01,0,859,4,1,1,1,9,15748,4,3,1
Germany,2021-01-30,0,490,8,1,1,1,5,9483,8,3,0
France,2020-11-26,2,553,5,1,1,1,3,9520,6,3,0
India,2021-01-26,1,2687,2,3,1,1,0,51189,2,0,0
Canada,2021-01-01,0,2067,3,3,1,0,10,37914,3,7,0
Italy,2020-12-18,1,386,9,1,0,0,0,7897,11,0,0
United States,2020-11-06,32,12384,1,1,0,0,31,233503,1,11,0
United States,2020-11-20,0,12384,1,1,0,1,4,233503,1,1,0
United Kingdom,2020-12-10,3,859,4,1,0,0,2,15748,4,1,0
India,2020-11-22,3,2687,2,1,1,1,39,51189,2,18,2
United States,2020-11-06,3,12384,1,7,1,0,13,233503,1,9,1
United Kingdom,2021-01-06,4,859,4,1,0,0,2,15748,4,1,0
Taiwan,2021-02-15,0,500,7,1,1,0,49,9189,9,32,3
France,2021-02-03,0,553,5,3,1,0,2,9520,6,0,0
Singapore,2021-01-18,2,375,10,1,1,0,109,8899,10,37,5
Canada,2021-02-03,0,2067,3,7,1,1,2,37914,3,1,0
France,2020-12-18,0,553,5,1,1,1,16,9520,6,4,0
India,2021-01-14,14,2687,2,1,0,0,10,51189,2,4,0
France,2021-01-28,0,553,5,1,1,0,117,9520,6,30,2
Canada,2020-12-04,16,2067,3,1,1,0,425,37914,3,157,23
Italy,2021-02-14,0,386,9,1,1,0,41,7897,11,20,2
India,2020-12-28,1,2687,2,1,1,1,65,51189,2,23,2
Canada,2021-01-07,17,2067,3,1,1,0,357,37914,3,121,12
United Kingdom,2020-11-04,1,859,4,1,1,1,4,15748,4,4,1
United States,2020-11-03,58,12384,1,1,0,0,25,233503,1,10,0
Singapore,2021-01-29,0,375,10,1,1,0,92,8899,10,20,1
United States,2021-01-03,65,12384,1,1,1,0,2428,233503,1,789,100
India,2020-11-01,1,2687,2,7,1,0,8,51189,2,4,0
India,2021-02-21,0,2687,2,1,1,0,79,51189,2,22,2
Singapore,2020-12-30,0,375,10,1,1,1,4,8899,10,4,0
United States,2020-12-14,1,12384,1,3,1,0,16,233503,1,4,0
France,2020-12-28,5,553,5,1,1,0,106,9520,6,49,7
France,2020-12-13,3,553,5,1,0,0,7,9520,6,0,0
Italy,2021-01-07,6,386,9,1,1,0,100,7897,11,39,3
United Kingdom,2020-12-21,2,859,4,1,1,1,19,15748,4,11,1
Singapore,2020-12-31,2,375,10,1,1,1,4,8899,10,4,0
Canada,2020-11-12,2,2067,3,1,0,1,2,37914,3,1,0
Singapore,2021-01-16,2,375,10,1,1,0,111,8899,10,33,4
United States,2020-11-07,0,12384,1,3,1,0,5,233503,1,3,1
Canada,2020-12-22,0,2067,3,3,1,0,12,37914,3,10,0
France,2021-01-22,6,553,5,1,1,0,113,9520,6,38,4
India,2020-12-15,8,2687,2,1,1,1,59,51189,2,28,2
France,2020-11-18,0,553,5,7,1,1,1,9520,6,1,0
United States,2021-02-25,0,12384,1,1,1,0,71,233503,1,16,1
Taiwan,2020-12-04,1,500,7,1,1,1,5,9189,9,3,1
Canada,2020-12-12,0,2067,3,7,1,0,9,37914,3,2,1
Taiwan,2020-12-29,1,500,7,1,1,1,11,9189,9,10,1
India,2020-12-01,0,2687,2,1,0,1,6,51189,2,3,3
India,2021-01-27,16,2687,2,1,1,0,471,51189,2,193,15
Germany,2021-01-23,1,490,8,1,0,0,0,9483,8,0,0
India,2020-11-17,14,2687,2,1,1,0,279,51189,2,104,18
United Kingdom,2020-11-24,5,859,4,1,1,0,103,15748,4,31,4
Taiwan,2021-01-24,1,500,7,1,0,0,0,9189,9,0,0
France,2020-11-10,2,553,5,1,0,0,0,9520,6,0,0
Spain,2021-02-05,0,536,6,1,1,0,61,9491,7,17,3
Canada,2021-01-03,1,2067,3,1,0,0,1,37914,3,0,0
Canada,2020-12-26,8,2067,3,1,1,0,418,37914,3,131,18
Italy,2021-02-02,0,386,9,3,1,0,7,7897,11,4,0
Germany,2020-12-17,3,490,8,1,1,1,13,9483,8,9,3
United Kingdom,2021-01-15,4,859,4,1,1,1,8,15748,4,7,0
United States,2020-11-10,0,12384,1,3,1,0,3,233503,1,1,0
Canada,2020-11-20,2,2067,3,1,1,1,3,37914,3,0,0
Canada,2021-02-10,0,2067,3,1,1,0,204,37914,3,50,3
Taiwan,2021-01-25,1,500,7,1,1,1,18,9189,9,14,2
United Kingdom,2021-01-27,0,859,4,7,1,0,4,15748,4,0,0
China,2021-02-13,0,490,8,1,1,1,5,10181,5,4,1
United Kingdom,2021-01-29,0,859,4,1,1,1,13,15748,4,8,2
Singapore,2020-12-10,5,375,10,1,1,0,78,8899,10,15,3
United States,2021-01-29,0,12384,1,3,1,0,1,233503,1,1,0
United Kingdom,2021-01-19,1,859,4,1,1,1,18,15748,4,11,0
Singapore,2021-01-28,0,375,10,2,1,0,3,8899,10,1,0
Singapore,2021-01-13,1,375,10,1,1,1,9,8899,10,7,0
Italy,2021-01-29,0,386,9,7,1,1,5,7897,11,1,0
Canada,2020-12-17,26,2067,3,1,1,0,516,37914,3,171,24
United States,2021-02-23,0,12384,1,1,1,0,204,233503,1,69,8
Germany,2020-11-04,5,490,8,1,1,0,15,9483,8,15,4
India,2021-01-22,0,2687,2,3,1,0,7,51189,2,3,1
United Kingdom,2021-01-04,0,859,4,7,1,0,2,15748,4,0,0
Germany,2020-11-02,3,490,8,1,1,0,4,9483,8,4,3
United Kingdom,2021-02-16,0,859,4,1,1,1,9,15748,4,9,2
United States,2020-12-14,0,12384,1,7,1,0,28,233503,1,12,6
Singapore,2020-11-27,2,375,10,1,1,0,71,8899,10,20,0
Taiwan,2020-11-19,1,500,7,1,1,1,0,9189,9,0,0
India,2020-11-02,0,2687,2,7,1,0,3,51189,2,0,0
Spain,2020-12-31,1,536,6,1,0,0,0,9491,7,0,0
Singapore,2021-01-10,1,375,10,1,1,0,128,8899,10,34,3
United Kingdom,2020-12-22,0,859,4,1,1,1,20,15748,4,7,0
Canada,2021-01-26,0,2067,3,3,1,0,2,37914,3,2,1
Canada,2020-12-13,0,2067,3,7,1,0,9,37914,3,2,1
United States,2021-01-16,2,12384,1,1,0,1,18,233503,1,3,0
Italy,2020-12-17,5,386,9,1,1,0,73,7897,11,29,3
United States,2020-11-24,41,12384,1,1,0,0,40,233503,1,14,0
India,2021-01-26,0,2687,2,3,1,0,6,51189,2,6,0
United Kingdom,2021-01-08,0,859,4,7,1,0,6,15748,4,5,0
India,2021-02-09,0,2687,2,1,0,1,3,51189,2,0,0
United Kingdom,2021-01-16,0,859,4,7,1,0,4,15748,4,4,0
Spain,2020-12-29,1,536,6,1,0,0,0,9491,7,0,0
Germany,2020-11-20,2,490,8,1,0,0,0,9483,8,0,0
Canada,2020-11-21,6,2067,3,1,1,0,274,37914,3,65,2
Spain,2021-01-17,1,536,6,1,1,1,6,9491,7,6,1
United States,2021-02-12,0,12384,1,1,1,0,1128,233503,1,382,26
United States,2020-11-29,64,12384,1,1,1,0,2039,233503,1,730,93
Germany,2020-12-14,4,490,8,1,1,0,111,9483,8,30,1
Italy,2021-01-28,0,386,9,1,1,1,4,7897,11,0,0
India,2020-11-05,0,2687,2,7,1,0,1,51189,2,0,0
Canada,2021-01-17,0,2067,3,7,1,1,4,37914,3,3,1
United States,2020-12-29,15,12384,1,1,1,1,166,233503,1,95,5
Canada,2021-01-21,3,2067,3,1,0,1,0,37914,3,0,0
India,2021-02-03,0,2687,2,7,1,0,4,51189,2,0,0
Germany,2021-01-27,4,490,8,1,1,0,82,9483,8,27,6
Spain,2020-12-17,4,536,6,1,1,1,4,9491,7,1,0
Canada,2021-01-01,0,2067,3,7,1,1,2,37914,3,2,0
United States,2021-01-31,0,12384,1,3,1,0,1,233503,1,1,0
United States,2020-12-17,54,12384,1,1,0,0,37,233503,1,15,0
Taiwan,2020-12-03,2,500,7,1,1,1,12,9189,9,8,2
Singapore,2021-02-02,0,375,10,2,1,0,1,8899,10,0,0
United States,2020-11-04,0,12384,1,7,1,1,10,233503,1,10,6
Germany,2021-02-01,0,490,8,1,1,1,5,9483,8,2,0
Canada,2020-12-21,1,2067,3,1,0,0,3,37914,3,0,0
France,2021-01-04,1,553,5,1,1,1,18,9520,6,17,0
Canada,2020-11-17,8,2067,3,1,1,0,216,37914,3,89,4
Germany,2021-01-09,2,490,8,1,1,0,136,9483,8,51,2
United States,2021-01-25,0,12384,1,3,1,0,1,233503,1,1,0
India,2021-01-19,0,2687,2,1,0,1,5,51189,2,5,0
United States,2020-11-21,22,12384,1,1,1,1,150,233503,1,84,11
United States,2020-12-18,2,12384,1,7,1,0,22,233503,1,10,3
France,2020-12-23,0,553,5,1,1,1,21,9520,6,14,1
India,2020-12-01,8,2687,2,1,0,0,3,51189,2,3,0
Italy,2021-01-17,1,386,9,1,0,0,0,7897,11,0,0
United States,2021-01-13,2,12384,1,7,1,1,9,233503,1,3,0
Spain,2020-12-16,1,536,6,1,1,0,107,9491,7,29,3
China,2021-02-13,0,490,8,1,1,0,43,10181,5,2,0
Canada,2020-11-07,4,2067,3,1,1,1,10,37914,3,8,1
Canada,2021-02-14,0,2067,3,1,1,1,2,37914,3,2,0
Germany,2020-12-23,0,490,8,2,1,0,4,9483,8,4,0
Canada,2020-12-23,0,2067,3,3,1,0,12,37914,3,8,2
Canada,2020-11-09,14,2067,3,1,1,0,78,37914,3,12,1
France,2020-12-14,4,553,5,1,1,1,10,9520,6,3,0
United States,2020-11-18,48,12384,1,1,0,0,17,233503,1,4,0
Spain,2020-11-26,5,536,6,1,0,0,4,9491,7,1,0
Singapore,2021-01-24,0,375,10,2,1,0,3,8899,10,3,0
Taiwan,2020-12-03,0,500,7,7,1,0,2,9189,9,0,0
United States,2021-01-06,36,12384,1,1,1,1,155,233503,1,72,13
India,2021-01-15,12,2687,2,1,0,0,4,51189,2,1,0
Italy,2020-11-06,1,386,9,1,1,0,9,7897,11,2,0
Italy,2021-02-18,0,386,9,1,1,0,15,7897,11,9,1
Germany,2020-11-09,1,490,8,1,1,1,0,9483,8,0,0
Singapore,2021-01-02,3,375,10,1,1,0,83,8899,10,16,2
Italy,2021-01-18,1,386,9,1,0,0,0,7897,11,0,0
India,2020-11-29,3,2687,2,1,1,1,49,51189,2,31,4
Taiwan,2020-11-21,1,500,7,1,1,1,0,9189,9,0,0
Canada,2020-11-19,0,2067,3,1,0,1,3,37914,3,1,0
Italy,2021-02-21,0,386,9,1,1,1,3,7897,11,1,0
United Kingdom,2020-12-31,1,859,4,1,1,0,157,15748,4,53,8
Germany,2020-12-27,2,490,8,1,0,0,0,9483,8,0,0
Singapore,2021-01-27,2,375,10,1,1,0,95,8899,10,18,0
Italy,2021-01-16,1,386,9,1,0,1,0,7897,11,0,0
China,2020-11-14,1,490,8,1,0,1,0,10181,5,0,0
Singapore,2020-11-04,1,375,10,1,0,1,1,8899,10,0,0
India,2021-01-21,5,2687,2,1,0,0,5,51189,2,1,0
India,2020-11-30,0,2687,2,3,1,0,3,51189,2,3,3
France,2020-11-14,1,553,5,1,1,1,0,9520,6,0,0
China,2020-12-21,0,490,8,7,1,1,7,10181,5,5,0
Canada,2021-01-04,0,2067,3,7,1,0,7,37914,3,6,1
Germany,2020-12-22,2,490,8,1,1,1,14,9483,8,10,2
United Kingdom,2020-12-31,1,859,4,1,1,1,13,15748,4,8,0
Germany,2020-11-29,1,490,8,1,0,0,0,9483,8,0,0
United States,2020-11-06,1,12384,1,7,1,1,3,233503,1,3,0
Germany,2021-01-20,3,490,8,1,1,0,97,9483,8,31,6
Germany,2021-01-11,0,490,8,1,1,1,5,9483,8,5,0
China,2021-02-01,0,490,8,1,1,1,3,10181,5,0,0
United States,2020-11-22,18,12384,1,1,1,1,163,233503,1,68,7
Singapore,2021-02-19,0,375,10,1,1,0,34,8899,10,11,2
China,2020-11-25,1,490,8,1,1,0,69,10181,5,29,0
France,2021-01-16,0,553,5,3,1,0,8,9520,6,0,0
Spain,2021-01-02,1,536,6,7,1,0,0,9491,7,0,0
India,2020-12-17,14,2687,2,1,0,0,11,51189,2,5,0
India,2021-02-02,0,2687,2,1,0,1,3,51189,2,0,0
Italy,2021-02-01,0,386,9,1,1,1,4,7897,11,0,0
Taiwan,2020-11-24,4,500,7,1,1,0,95,9189,9,23,1
Italy,2021-01-24,1,386,9,1,0,1,0,7897,11,0,0
Singapore,2021-01-08,1,375,10,1,0,0,2,8899,10,0,0
Germany,2021-01-07,1,490,8,1,1,1,1,9483,8,0,0
United Kingdom,2021-02-20,0,859,4,1,1,1,2,15748,4,1,0
Spain,2021-02-05,0,536,6,7,1,1,7,9491,7,7,0
France,2021-01-14,1,553,5,1,1,1,1,9520,6,1,0
Italy,2021-02-14,0,386,9,3,1,0,6,7897,11,5,1
India,2020-12-11,17,2687,2,1,0,0,10,51189,2,6,0
Singapore,2021-02-09,0,375,10,1,1,0,40,8899,10,18,3
United States,2020-11-10,19,12384,1,1,1,1,80,233503,1,47,7
United States,2021-01-03,15,12384,1,1,1,1,148,233503,1,81,12
Spain,2020-12-02,6,536,6,1,1,0,125,9491,7,48,6
Italy,2021-02-06,0,386,9,1,1,1,3,7897,11,2,0
Singapore,2021-02-14,0,375,10,1,1,0,46,8899,10,25,1
Canada,2021-01-29,0,2067,3,1,1,0,338,37914,3,95,6
China,2020-12-26,2,490,8,1,0,0,3,10181,5,2,0
Germany,2021-01-25,0,490,8,7,1,1,4,9483,8,2,0
United States,2020-12-29,1,12384,1,7,1,0,20,233503,1,1,0
Singapore,2020-12-28,1,375,10,1,0,0,0,8899,10,0,0
France,2020-11-01,1,553,5,1,1,1,0,9520,6,0,0
United States,2021-02-15,0,12384,1,1,1,0,833,233503,1,314,24
United Kingdom,2020-11-03,3,859,4,1,1,1,4,15748,4,4,1
United States,2020-12-16,94,12384,1,1,1,0,2647,233503,1,947,113
Canada,2020-12-28,0,2067,3,3,1,0,13,37914,3,10,0
France,2020-12-26,1,553,5,1,1,0,115,9520,6,47,3
United States,2021-01-19,28,12384,1,1,1,1,197,233503,1,102,15
United States,2020-11-03,2,12384,1,7,1,1,2,233503,1,2,0
Singapore,2021-01-15,0,375,10,1,1,1,9,8899,10,7,0
United Kingdom,2020-11-13,2,859,4,1,0,0,1,15748,4,0,0
United Kingdom,2021-02-23,0,859,4,1,1,0,12,15748,4,7,2
Taiwan,2020-12-08,4,500,7,1,1,1,8,9189,9,3,1
United States,2020-11-30,92,12384,1,1,1,0,2121,233503,1,706,83
France,2020-11-28,1,553,5,1,1,1,3,9520,6,3,0
Spain,2021-01-08,3,536,6,1,1,1,16,9491,7,5,0
India,2021-01-29,0,2687,2,1,0,1,3,51189,2,0,0
Canada,2021-01-05,6,2067,3,1,1,1,37,37914,3,17,2
United States,2020-12-28,35,12384,1,1,0,0,28,233503,1,10,0
Taiwan,2020-12-31,4,500,7,1,1,0,100,9189,9,29,5
Singapore,2020-12-16,0,375,10,1,1,1,3,8899,10,0,0
Singapore,2020-11-13,1,375,10,1,1,0,41,8899,10,20,0
Spain,2020-12-28,1,536,6,1,0,0,0,9491,7,0,0
Canada,2021-01-06,6,2067,3,1,0,0,6,37914,3,1,0
Canada,2021-01-25,17,2067,3,1,1,0,306,37914,3,108,9
Germany,2020-12-06,2,490,8,1,0,0,0,9483,8,0,0
Italy,2020-11-17,2,386,9,1,1,0,43,7897,11,21,5
Italy,2020-12-06,2,386,9,1,1,0,68,7897,11,24,1
United Kingdom,2020-11-29,1,859,4,1,1,1,3,15748,4,1,0
Spain,2021-01-22,1,536,6,1,1,1,14,9491,7,12,0
India,2020-11-03,24,2687,2,1,1,0,63,51189,2,28,3
United States,2020-12-22,23,12384,1,1,1,1,283,233503,1,140,16
United States,2021-01-27,16,12384,1,1,1,1,245,233503,1,129,10
Germany,2020-12-10,4,490,8,1,0,0,2,9483,8,2,0
Canada,2021-01-17,0,2067,3,1,1,1,46,37914,3,22,0
France,2020-11-29,4,553,5,1,1,0,78,9520,6,41,4
Germany,2021-02-02,0,490,8,1,1,1,5,9483,8,1,0
India,2020-12-23,12,2687,2,1,1,0,594,51189,2,178,18
United States,2020-12-05,69,12384,1,1,1,0,2202,233503,1,685,79
United States,2020-12-17,1,12384,1,7,1,1,6,233503,1,3,0
Canada,2020-12-29,5,2067,3,1,0,0,7,37914,3,1,0
Germany,2021-02-06,0,490,8,1,1,0,56,9483,8,15,4
India,2021-02-11,0,2687,2,7,1,0,2,51189,2,0,0
Canada,2021-01-27,0,2067,3,7,1,0,1,37914,3,0,0
India,2020-12-15,1,2687,2,7,1,0,12,51189,2,11,5
India,2021-01-16,0,2687,2,7,1,0,3,51189,2,3,2
United Kingdom,2020-11-30,2,859,4,1,1,1,3,15748,4,0,0
Germany,2021-01-28,0,490,8,7,1,1,3,9483,8,0,0
Canada,2021-01-20,5,2067,3,1,1,1,58,37914,3,34,2
Singapore,2021-01-25,1,375,10,1,0,0,2,8899,10,0,0
Singapore,2021-02-06,0,375,10,1,1,0,56,8899,10,15,0
Germany,2020-11-11,1,490,8,1,1,1,0,9483,8,0,0
India,2020-12-03,8,2687,2,1,0,0,4,51189,2,1,0
United States,2020-12-31,2,12384,1,1,0,1,2,233503,1,1,0
Italy,2021-02-21,0,386,9,1,1,0,7,7897,11,4,0
United Kingdom,2020-12-15,7,859,4,1,0,0,4,15748,4,0,0
Germany,2021-01-31,0,490,8,1,1,0,66,9483,8,17,3
Germany,2021-01-23,4,490,8,1,1,0,105,9483,8,34,10
Italy,2021-02-04,0,386,9,1,1,0,61,7897,11,14,1
Canada,2021-01-12,0,2067,3,1,0,1,1,37914,3,0,0
United States,2020-12-15,28,12384,1,1,1,1,225,233503,1,110,12
United Kingdom,2021-01-11,10,859,4,1,1,0,162,15748,4,51,6
United Kingdom,2020-11-27,2,859,4,1,1,1,5,15748,4,2,0
China,2020-11-22,1,490,8,1,1,0,57,10181,5,28,1
Spain,2020-12-07,0,536,6,1,1,1,2,9491,7,0,0
Canada,2020-11-14,0,2067,3,1,0,1,3,37914,3,0,0
Singapore,2020-12-07,0,375,10,1,1,1,9,8899,10,3,0
Germany,2020-11-11,1,490,8,1,0,0,2,9483,8,0,0
United States,2021-01-23,0,12384,1,3,1,0,1,233503,1,1,0
China,2020-12-21,2,490,8,1,1,1,14,10181,5,14,1
Spain,2021-01-12,1,536,6,1,1,1,19,9491,7,12,2
France,2020-12-24,0,553,5,7,1,1,7,9520,6,1,0
Singapore,2021-01-05,4,375,10,1,1,0,103,8899,10,28,6
Singapore,2020-12-24,1,375,10,1,1,0,98,8899,10,14,1
United States,2020-12-02,96,12384,1,1,1,0,2183,233503,1,684,71
Taiwan,2020-12-20,1,500,7,1,0,0,4,9189,9,4,0
China,2021-01-09,2,490,8,1,1,0,108,10181,5,39,5
United Kingdom,2021-01-27,0,859,4,1,0,0,1,15748,4,0,0
China,2021-01-30,0,490,8,1,1,0,107,10181,5,43,2
United States,2020-11-29,0,12384,1,3,1,1,5,233503,1,0,0
United States,2020-11-12,0,12384,1,7,1,0,19,233503,1,11,0
Germany,2020-12-18,1,490,8,1,1,1,12,9483,8,7,0
Italy,2021-01-15,5,386,9,1,1,0,92,7897,11,28,4
Canada,2020-12-07,4,2067,3,1,1,1,48,37914,3,25,2
China,2021-02-04,0,490,8,1,1,1,3,10181,5,3,0
Canada,2021-02-17,0,2067,3,1,1,1,3,37914,3,3,0
United Kingdom,2020-12-31,0,859,4,1,0,1,7,15748,4,0,0
United Kingdom,2021-01-22,0,859,4,7,0,1,1,15748,4,0,0
Spain,2020-12-28,2,536,6,1,1,1,6,9491,7,4,2
India,2020-12-22,9,2687,2,1,0,0,20,51189,2,5,0
United States,2020-11-14,1,12384,1,7,1,1,13,233503,1,13,2
Taiwan,2020-11-09,1,500,7,1,1,0,28,9189,9,9,0
Taiwan,2021-01-09,0,500,7,1,1,1,8,9189,9,5,0
Taiwan,2021-01-05,2,500,7,1,0,1,0,9189,9,0,0
France,2020-11-06,1,553,5,1,0,0,2,9520,6,0,0
France,2021-01-23,2,553,5,1,1,0,116,9520,6,30,5
India,2021-01-28,0,2687,2,1,0,0,2,51189,2,0,0
United States,2020-11-13,1,12384,1,1,0,1,0,233503,1,0,0
Singapore,2020-11-05,0,375,10,1,0,0,1,8899,10,0,0
India,2021-02-04,0,2687,2,1,1,0,313,51189,2,81,6
France,2021-01-25,3,553,5,1,1,0,128,9520,6,45,11
India,2020-12-27,5,2687,2,1,0,0,2,51189,2,0,0
France,2020-12-29,0,553,5,1,1,1,35,9520,6,28,1
Italy,2021-02-15,0,386,9,1,1,0,39,7897,11,16,0
United States,2020-12-24,4,12384,1,1,0,1,4,233503,1,0,0
Singapore,2021-02-07,0,375,10,2,1,0,2,8899,10,0,0
Canada,2020-11-19,2,2067,3,1,1,1,3,37914,3,0,0
Spain,2021-01-14,1,536,6,1,1,0,76,9491,7,15,2
United States,2021-01-24,19,12384,1,1,1,1,223,233503,1,125,10
Italy,2020-12-03,3,386,9,1,1,0,54,7897,11,32,4
Singapore,2021-02-20,0,375,10,1,1,0,21,8899,10,5,1
United States,2020-12-30,0,12384,1,7,1,1,6,233503,1,0,0
India,2021-01-09,2,2687,2,1,0,0,6,51189,2,5,0
India,2020-12-12,9,2687,2,1,0,0,10,51189,2,2,0
United Kingdom,2020-12-27,5,859,4,1,1,0,172,15748,4,40,8
Germany,2020-12-02,4,490,8,1,1,0,58,9483,8,29,3
Germany,2020-12-26,0,490,8,1,1,1,6,9483,8,4,1
Canada,2021-02-05,0,2067,3,1,1,1,13,37914,3,10,2
United States,2020-12-02,0,12384,1,3,1,0,10,233503,1,4,0
United States,2021-02-07,0,12384,1,1,0,0,7,233503,1,1,1
Taiwan,2021-01-02,5,500,7,1,1,0,84,9189,9,22,3
United States,2020-12-02,25,12384,1,1,1,1,221,233503,1,131,13
Singapore,2021-01-21,1,375,10,1,0,0,0,8899,10,0,0
Singapore,2020-11-28,0,375,10,1,1,1,10,8899,10,5,1
France,2020-12-12,4,553,5,1,1,0,82,9520,6,15,4
Canada,2021-01-02,0,2067,3,7,1,0,9,37914,3,6,0
France,2020-12-03,0,553,5,1,1,1,5,9520,6,0,0
United States,2021-02-04,0,12384,1,3,1,0,1,233503,1,1,0
Italy,2021-02-04,0,386,9,7,1,1,5,7897,11,0,0
United Kingdom,2020-12-16,8,859,4,1,1,0,190,15748,4,56,13
United States,2021-01-09,70,12384,1,1,1,0,2460,233503,1,831,87
Taiwan,2021-01-12,0,500,7,1,1,1,12,9189,9,4,3
Taiwan,2021-01-10,0,500,7,1,1,1,13,9189,9,2,0
India,2020-12-09,9,2687,2,1,1,1,38,51189,2,16,1
Spain,2020-11-09,2,536,6,1,0,0,0,9491,7,0,0
Singapore,2020-11-15,0,375,10,1,1,0,42,8899,10,22,0
India,2021-01-09,14,2687,2,1,1,0,522,51189,2,198,17
United States,2021-01-01,30,12384,1,1,0,0,25,233503,1,12,0
India,2021-01-25,11,2687,2,1,0,0,4,51189,2,2,0
Germany,2020-12-23,1,490,8,1,0,0,0,9483,8,0,0
United States,2020-12-05,0,12384,1,7,1,0,15,233503,1,7,5
Canada,2020-12-01,8,2067,3,1,1,1,25,37914,3,17,6
United States,2020-11-23,34,12384,1,1,0,0,22,233503,1,8,0
Italy,2020-11-02,2,386,9,1,0,0,0,7897,11,0,0
India,2020-12-12,0,2687,2,7,1,0,6,51189,2,5,2
Italy,2020-12-04,2,386,9,1,0,0,3,7897,11,2,0
United States,2021-02-06,0,12384,1,1,0,0,5,233503,1,0,0
Italy,2020-11-30,2,386,9,1,1,0,63,7897,11,38,9
Canada,2021-02-25,0,2067,3,1,1,0,5,37914,3,0,0
Canada,2021-02-05,0,2067,3,1,1,0,228,37914,3,57,6
United States,2020-11-19,0,12384,1,1,0,1,4,233503,1,0,0
United States,2020-12-26,61,12384,1,1,1,0,2590,233503,1,885,103
France,2021-01-14,1,553,5,3,1,0,7,9520,6,4,1
Canada,2021-02-19,0,2067,3,1,1,1,2,37914,3,2,0
France,2020-12-07,4,553,5,1,1,0,69,9520,6,27,3
India,2021-01-12,7,2687,2,1,0,0,7,51189,2,6,0
India,2021-02-08,0,2687,2,7,1,0,2,51189,2,0,0
Singapore,2020-12-26,1,375,10,1,1,1,4,8899,10,4,1
Canada,2021-02-02,0,2067,3,1,0,0,5,37914,3,0,0
Canada,2020-11-03,19,2067,3,1,1,0,29,37914,3,9,2
France,2020-12-16,0,553,5,1,0,1,1,9520,6,0,0
United Kingdom,2021-01-14,5,859,4,1,1,1,0,15748,4,0,0
United Kingdom,2020-11-01,5,859,4,1,0,0,3,15748,4,1,0
United States,2020-12-27,1,12384,1,7,1,0,22,233503,1,1,1
Italy,2021-01-28,0,386,9,7,1,1,5,7897,11,1,0
India,2020-11-02,8,2687,2,1,1,1,3,51189,2,3,0
Canada,2020-12-25,2,2067,3,1,0,1,1,37914,3,0,0
United States,2020-12-26,0,12384,1,3,1,0,8,233503,1,1,0
France,2020-11-04,4,553,5,1,1,0,3,9520,6,1,0
United States,2021-01-09,1,12384,1,3,1,0,0,233503,1,0,0
Canada,2021-01-19,0,2067,3,7,1,0,1,37914,3,0,0
Italy,2020-11-20,0,386,9,7,1,1,6,7897,11,0,0
France,2021-01-31,0,553,5,3,1,0,2,9520,6,0,0
India,2020-11-06,1,2687,2,1,0,1,0,51189,2,0,0
United States,2020-12-11,24,12384,1,1,1,1,207,233503,1,104,6
India,2020-12-05,2,2687,2,1,0,0,3,51189,2,1,0
France,2020-11-11,1,553,5,1,0,1,3,9520,6,3,0
Singapore,2020-12-17,0,375,10,7,1,1,5,8899,10,5,0
China,2020-11-13,1,490,8,1,0,0,0,10181,5,0,0
Canada,2021-01-14,5,2067,3,1,1,1,57,37914,3,31,1
India,2020-11-27,0,2687,2,1,0,1,5,51189,2,0,0
Italy,2020-12-18,0,386,9,1,1,1,17,7897,11,9,1
United States,2020-12-22,0,12384,1,3,1,0,11,233503,1,6,0
Spain,2020-12-05,1,536,6,1,1,1,6,9491,7,2,0
Italy,2020-12-07,0,386,9,1,0,1,1,7897,11,0,0
Taiwan,2021-02-11,0,500,7,1,1,0,42,9189,9,19,4
Taiwan,2021-02-20,0,500,7,1,1,0,24,9189,9,13,0
Italy,2020-11-14,1,386,9,1,1,0,27,7897,11,9,1
France,2021-01-05,2,553,5,1,0,0,2,9520,6,0,0
United Kingdom,2020-12-22,3,859,4,1,0,0,3,15748,4,1,0
India,2020-12-16,31,2687,2,1,1,0,628,51189,2,193,34
Taiwan,2020-12-11,1,500,7,1,0,0,3,9189,9,2,0
Taiwan,2020-11-20,1,500,7,1,0,0,0,9189,9,0,0
Canada,2020-12-04,9,2067,3,1,1,1,37,37914,3,29,7
Singapore,2021-01-03,0,375,10,2,1,0,4,8899,10,0,0
Canada,2020-11-18,0,2067,3,1,0,1,3,37914,3,1,0
India,2021-02-06,0,2687,2,7,1,0,3,51189,2,0,0
Canada,2020-11-20,4,2067,3,1,0,0,1,37914,3,0,0
India,2020-12-07,0,2687,2,3,1,0,2,51189,2,2,1
India,2020-12-20,0,2687,2,7,1,1,3,51189,2,0,0
Taiwan,2020-12-18,0,500,7,1,1,1,8,9189,9,4,0
India,2020-12-30,6,2687,2,1,0,0,6,51189,2,0,0
United States,2020-12-06,0,12384,1,7,1,0,14,233503,1,6,3
India,2021-02-10,0,2687,2,7,1,0,4,51189,2,0,0
United States,2021-01-15,40,12384,1,1,0,0,30,233503,1,5,0
Canada,2020-12-29,0,2067,3,1,0,1,1,37914,3,0,0
Germany,2020-12-12,3,490,8,1,1,0,131,9483,8,43,1
Spain,2020-11-15,2,536,6,1,0,0,0,9491,7,0,0
India,2021-02-05,0,2687,2,3,1,0,2,51189,2,0,0
United States,2021-01-01,10,12384,1,1,1,1,133,233503,1,86,5
China,2020-12-08,0,490,8,7,1,1,6,10181,5,6,0
India,2021-02-13,0,2687,2,1,1,1,30,51189,2,18,0
Singapore,2020-11-18,2,375,10,1,1,0,44,8899,10,18,1
United Kingdom,2021-01-11,0,859,4,7,1,0,4,15748,4,0,0
Spain,2020-12-15,0,536,6,1,0,0,4,9491,7,0,0
Taiwan,2020-12-30,0,500,7,1,0,0,1,9189,9,0,0
United Kingdom,2021-01-10,4,859,4,1,1,0,140,15748,4,40,7
United States,2020-12-01,56,12384,1,1,0,0,30,233503,1,11,0
Canada,2020-12-28,0,2067,3,7,1,0,5,37914,3,0,0
United States,2020-12-21,1,12384,1,7,1,0,26,233503,1,16,4
Germany,2020-11-13,2,490,8,1,0,0,1,9483,8,0,0
United States,2021-02-13,0,12384,1,1,1,0,1012,233503,1,380,43
Italy,2021-01-15,1,386,9,1,0,0,1,7897,11,1,0
United Kingdom,2021-01-27,4,859,4,1,1,0,178,15748,4,69,7
China,2020-11-15,0,490,8,1,1,1,4,10181,5,4,0
Canada,2021-01-10,0,2067,3,7,1,0,1,37914,3,0,0
India,2021-02-04,0,2687,2,1,1,1,50,51189,2,18,1
United States,2021-01-17,1,12384,1,7,1,1,3,233503,1,3,0
United States,2020-12-18,115,12384,1,1,1,0,2693,233503,1,948,109
Canada,2021-02-20,0,2067,3,1,1,0,100,37914,3,26,2
India,2021-01-24,7,2687,2,1,0,0,4,51189,2,0,0
United States,2021-01-21,79,12384,1,1,1,0,2276,233503,1,784,95
United Kingdom,2020-12-14,5,859,4,1,0,0,1,15748,4,1,0
United States,2020-12-06,67,12384,1,1,1,0,2194,233503,1,675,78
Spain,2020-11-08,1,536,6,1,0,0,1,9491,7,0,0
Taiwan,2020-12-12,0,500,7,3,1,1,6,9189,9,0,0
France,2021-01-12,8,553,5,1,1,0,95,9520,6,29,1
United States,2021-01-13,94,12384,1,1,1,0,2310,233503,1,773,76
Spain,2020-12-21,2,536,6,1,0,0,3,9491,7,0,0
United Kingdom,2021-01-03,0,859,4,1,0,1,7,15748,4,0,0
Germany,2021-01-08,3,490,8,1,1,1,4,9483,8,4,1
United States,2021-01-13,2,12384,1,1,0,1,4,233503,1,1,0
India,2021-02-05,0,2687,2,1,1,1,43,51189,2,26,2
India,2020-12-20,5,2687,2,1,0,0,8,51189,2,5,0
United States,2020-12-16,3,12384,1,1,0,1,4,233503,1,2,0
Italy,2021-02-02,0,386,9,1,1,1,4,7897,11,0,0
Italy,2020-12-14,2,386,9,1,1,1,16,7897,11,2,0
China,2021-02-10,0,490,8,1,1,1,3,10181,5,0,0
United States,2021-02-06,0,12384,1,1,1,1,144,233503,1,42,0
Canada,2020-11-19,8,2067,3,1,0,0,9,37914,3,4,0
Spain,2020-11-01,1,536,6,1,0,0,0,9491,7,0,0
China,2020-12-16,2,490,8,1,0,1,0,10181,5,0,0
United States,2020-12-08,3,12384,1,7,1,1,0,233503,1,0,0
Germany,2020-12-08,4,490,8,1,1,0,99,9483,8,30,3
United States,2021-02-20,0,12384,1,1,1,0,415,233503,1,159,8
France,2020-11-17,1,553,5,1,1,0,26,9520,6,9,1
United States,2020-12-27,1,12384,1,7,1,1,4,233503,1,0,0
Italy,2021-01-11,3,386,9,1,0,0,0,7897,11,0,0
Taiwan,2020-11-01,2,500,7,1,1,1,0,9189,9,0,0
China,2020-11-04,1,490,8,1,0,1,0,10181,5,0,0
Germany,2020-12-29,1,490,8,1,1,1,7,9483,8,5,0
Spain,2020-12-06,1,536,6,7,1,0,0,9491,7,0,0
India,2020-12-01,7,2687,2,1,1,1,35,51189,2,23,1
United States,2020-12-04,45,12384,1,1,0,0,33,233503,1,10,0
Taiwan,2020-11-30,3,500,7,1,1,1,7,9189,9,7,1
United States,2021-02-03,0,12384,1,7,1,0,3,233503,1,3,3
France,2020-11-16,2,553,5,1,1,0,26,9520,6,7,0
India,2021-01-12,1,2687,2,1,0,1,6,51189,2,5,0
United States,2021-01-29,0,12384,1,1,1,1,216,233503,1,115,13
Taiwan,2020-11-30,0,500,7,7,1,0,2,9189,9,0,0
United Kingdom,2020-11-15,2,859,4,1,1,0,52,15748,4,13,1
Singapore,2021-01-31,0,375,10,2,1,0,1,8899,10,0,0
Germany,2020-12-05,5,490,8,1,1,0,63,9483,8,17,2
India,2020-12-14,27,2687,2,1,1,0,580,51189,2,190,23
United States,2021-02-13,0,12384,1,1,1,1,49,233503,1,15,2
Germany,2020-12-01,0,490,8,1,1,1,3,9483,8,3,1
United States,2021-02-19,0,12384,1,1,1,1,30,233503,1,8,0
Germany,2020-11-17,1,490,8,1,1,1,0,9483,8,0,0
Canada,2021-01-07,0,2067,3,3,1,0,10,37914,3,7,0
India,2021-02-01,0,2687,2,3,1,0,2,51189,2,0,0
United States,2021-01-20,86,12384,1,1,1,0,2256,233503,1,747,80
China,2021-01-27,3,490,8,1,1,0,137,10181,5,53,8
Spain,2021-02-01,0,536,6,1,1,1,3,9491,7,3,0
Taiwan,2021-02-23,0,500,7,1,1,0,18,9189,9,7,0
India,2020-12-24,12,2687,2,1,1,0,582,51189,2,187,15
Germany,2020-12-14,2,490,8,1,1,1,7,9483,8,2,1
Taiwan,2021-02-14,0,500,7,1,1,0,50,9189,9,23,2
United States,2020-12-23,0,12384,1,7,1,0,16,233503,1,6,3
Italy,2021-02-09,0,386,9,3,1,0,5,7897,11,4,2
Canada,2020-12-06,8,2067,3,1,0,0,5,37914,3,2,0
Spain,2021-01-25,0,536,6,7,1,0,3,9491,7,0,0
Spain,2020-12-06,0,536,6,1,1,1,7,9491,7,2,0
United States,2021-02-24,0,12384,1,1,1,1,8,233503,1,1,0
Italy,2020-11-16,1,386,9,1,0,0,1,7897,11,0,0
China,2021-01-03,2,490,8,1,1,0,129,10181,5,36,4
United States,2020-11-18,91,12384,1,1,1,0,1266,233503,1,478,68
United States,2021-01-12,99,12384,1,1,1,0,2384,233503,1,751,63
Canada,2021-01-24,0,2067,3,7,1,0,1,37914,3,0,0
India,2021-01-22,1,2687,2,1,0,1,5,51189,2,5,0
France,2020-11-22,1,553,5,1,1,1,5,9520,6,4,0
India,2020-12-12,3,2687,2,1,1,1,56,51189,2,33,5
Germany,2021-01-28,0,490,8,1,1,1,5,9483,8,1,0
Spain,2021-01-13,1,536,6,1,1,0,86,9491,7,24,2
France,2020-12-15,1,553,5,1,0,1,5,9520,6,2,0
Spain,2020-11-26,2,536,6,1,1,0,123,9491,7,45,8
India,2020-11-09,18,2687,2,1,1,0,171,51189,2,82,17
United Kingdom,2021-01-17,1,859,4,1,1,1,7,15748,4,7,1
India,2020-11-20,0,2687,2,7,1,1,10,51189,2,5,1
Canada,2021-01-15,13,2067,3,1,0,0,9,37914,3,3,0
United Kingdom,2021-01-29,0,859,4,7,1,0,4,15748,4,4,0
Taiwan,2021-01-15,3,500,7,1,1,0,105,9189,9,18,1
Singapore,2020-11-16,1,375,10,1,1,0,39,8899,10,22,0
India,2020-11-27,13,2687,2,1,1,0,442,51189,2,132,16
India,2020-12-06,13,2687,2,1,1,0,506,51189,2,141,9
India,2021-02-09,0,2687,2,1,1,1,33,51189,2,12,0
India,2021-02-02,0,2687,2,1,1,1,44,51189,2,28,4
Italy,2020-12-19,1,386,9,1,0,0,3,7897,11,0,0
Germany,2021-02-16,0,490,8,1,1,0,52,9483,8,20,2
India,2020-12-10,8,2687,2,1,0,0,7,51189,2,3,0
Canada,2020-12-25,2,2067,3,1,1,1,43,37914,3,21,0
Singapore,2021-01-21,5,375,10,1,1,0,122,8899,10,45,6
Spain,2020-12-13,1,536,6,7,1,0,0,9491,7,0,0
United States,2020-12-30,11,12384,1,1,1,1,174,233503,1,106,6
Italy,2021-01-01,0,386,9,1,1,1,18,7897,11,4,1
Spain,2021-01-11,0,536,6,1,0,1,1,9491,7,0,0
China,2021-01-17,0,490,8,1,0,0,1,10181,5,0,0
Canada,2021-02-12,0,2067,3,1,1,1,3,37914,3,3,0
Singapore,2020-11-24,4,375,10,1,0,0,0,8899,10,0,0
United States,2021-02-08,0,12384,1,7,1,0,19,233503,1,7,2
China,2020-12-22,0,490,8,7,1,1,4,10181,5,4,0
United Kingdom,2020-12-09,5,859,4,1,1,0,181,15748,4,57,13
India,2021-02-09,0,2687,2,7,1,0,2,51189,2,0,0
United States,2020-11-14,0,12384,1,2,1,0,2,233503,1,0,0
Italy,2020-12-11,3,386,9,1,1,0,72,7897,11,19,0
Germany,2021-01-02,0,490,8,2,1,0,4,9483,8,4,0
Singapore,2021-01-05,2,375,10,1,0,0,4,8899,10,1,0
Singapore,2020-12-05,0,375,10,1,1,1,13,8899,10,0,0
United Kingdom,2021-01-25,8,859,4,1,1,0,184,15748,4,56,8
United States,2021-02-02,0,12384,1,1,0,0,3,233503,1,0,0
Canada,2021-02-10,0,2067,3,1,1,1,4,37914,3,4,0
Italy,2020-11-21,0,386,9,7,1,1,8,7897,11,0,0
Spain,2020-12-11,0,536,6,1,0,1,3,9491,7,0,0
Germany,2020-12-30,3,490,8,1,1,0,104,9483,8,33,6
India,2020-12-10,0,2687,2,3,1,0,2,51189,2,0,0
France,2021-01-13,0,553,5,3,1,0,6,9520,6,6,0
United Kingdom,2021-02-05,0,859,4,1,1,1,11,15748,4,7,2
United States,2021-01-21,22,12384,1,1,1,1,202,233503,1,114,5
Taiwan,2020-12-24,2,500,7,1,1,0,96,9189,9,25,1
United States,2020-12-30,3,12384,1,1,0,1,2,233503,1,1,0
Spain,2021-02-04,0,536,6,7,1,1,7,9491,7,7,0
France,2021-02-19,0,553,5,1,1,0,24,9520,6,18,0
United States,2020-12-27,0,12384,1,3,1,0,5,233503,1,0,0
Singapore,2021-01-30,0,375,10,1,0,0,1,8899,10,0,0
United States,2020-12-30,73,12384,1,1,1,0,2526,233503,1,855,80
India,2020-11-11,0,2687,2,7,1,0,2,51189,2,0,0
France,2020-12-14,5,553,5,1,1,0,90,9520,6,21,6
Germany,2020-12-20,0,490,8,1,1,1,12,9483,8,8,0
United States,2021-01-25,0,12384,1,3,1,1,4,233503,1,4,1
China,2020-12-28,4,490,8,1,1,0,120,10181,5,44,6
Taiwan,2021-01-25,0,500,7,1,0,0,2,9189,9,0,0
China,2021-02-18,0,490,8,1,1,0,25,10181,5,2,0
Singapore,2020-12-26,1,375,10,1,1,0,92,8899,10,18,2
Canada,2020-12-10,1,2067,3,1,0,1,0,37914,3,0,0
China,2020-12-31,2,490,8,1,0,0,0,10181,5,0,0
Singapore,2020-12-04,2,375,10,1,1,0,70,8899,10,7,0
Spain,2021-01-03,8,536,6,1,1,0,111,9491,7,29,1
Canada,2020-11-13,1,2067,3,1,1,1,6,37914,3,6,0
United States,2021-01-10,16,12384,1,1,1,1,162,233503,1,81,19
Canada,2020-12-18,0,2067,3,3,1,0,1,37914,3,1,0
Spain,2020-12-30,1,536,6,1,0,0,0,9491,7,0,0
France,2021-01-29,0,553,5,1,0,0,1,9520,6,0,0
China,2020-12-13,1,490,8,7,1,1,2,10181,5,2,0
Spain,2021-01-15,4,536,6,1,0,0,2,9491,7,1,0
Canada,2021-01-16,7,2067,3,1,1,0,314,37914,3,104,6
India,2020-11-13,15,2687,2,1,1,0,222,51189,2,98,16
China,2020-12-17,1,490,8,1,1,1,15,10181,5,14,4
France,2020-11-11,1,553,5,1,1,0,11,9520,6,3,0
United Kingdom,2021-02-15,0,859,4,1,1,0,42,15748,4,14,0
Germany,2021-01-08,8,490,8,1,1,0,135,9483,8,50,5
India,2020-11-30,22,2687,2,1,1,0,462,51189,2,149,19
United States,2021-01-23,67,12384,1,1,1,0,2344,233503,1,788,90
Italy,2021-01-06,1,386,9,1,0,1,1,7897,11,0,0
France,2021-01-01,0,553,5,1,0,0,1,9520,6,0,0
France,2020-11-22,2,553,5,1,1,0,51,9520,6,18,1
United States,2020-12-19,2,12384,1,1,0,1,4,233503,1,0,0
United Kingdom,2021-01-03,3,859,4,1,0,0,0,15748,4,0,0
Singapore,2020-12-19,0,375,10,7,1,1,6,8899,10,6,1
Taiwan,2020-11-01,5,500,7,1,1,0,0,9189,9,0,0
Singapore,2020-12-18,0,375,10,7,1,1,5,8899,10,5,0
United Kingdom,2021-01-04,1,859,4,1,0,1,8,15748,4,0,0
Germany,2020-12-21,1,490,8,1,1,1,14,9483,8,12,2
Spain,2021-01-19,1,536,6,1,1,1,9,9491,7,8,0
India,2021-01-06,32,2687,2,1,1,0,567,51189,2,223,14
United States,2020-11-22,0,12384,1,7,1,1,3,233503,1,3,1
United States,2020-11-18,0,12384,1,7,1,1,9,233503,1,9,2
United States,2021-02-16,0,12384,1,1,1,0,761,233503,1,301,19
Spain,2020-12-26,1,536,6,1,1,1,5,9491,7,2,0
India,2021-01-31,0,2687,2,3,1,0,1,51189,2,1,0
Canada,2021-02-09,0,2067,3,1,1,0,218,37914,3,51,4
Germany,2020-11-04,2,490,8,1,0,0,1,9483,8,1,0
France,2020-12-24,1,553,5,1,1,1,22,9520,6,15,0
Canada,2020-11-13,12,2067,3,1,1,0,146,37914,3,62,5
Italy,2020-12-26,1,386,9,1,1,0,77,7897,11,33,2
United Kingdom,2021-01-10,2,859,4,1,0,0,0,15748,4,0,0
Taiwan,2020-11-27,1,500,7,1,1,1,0,9189,9,0,0
Spain,2021-01-18,6,536,6,1,0,0,4,9491,7,0,0
Germany,2020-12-17,3,490,8,1,0,0,4,9483,8,2,0
United Kingdom,2021-02-04,0,859,4,1,1,0,150,15748,4,60,6
United States,2020-11-14,0,12384,1,7,1,0,14,233503,1,9,0
United Kingdom,2020-11-14,2,859,4,1,1,0,47,15748,4,14,1
United Kingdom,2020-12-28,2,859,4,1,1,0,163,15748,4,39,7
China,2020-11-11,4,490,8,1,1,0,14,10181,5,14,1
Germany,2020-11-09,1,490,8,1,0,0,0,9483,8,0,0
Germany,2021-01-11,1,490,8,1,0,0,1,9483,8,1,0
India,2021-01-15,1,2687,2,1,1,1,37,51189,2,17,3
Singapore,2020-12-18,2,375,10,1,1,1,2,8899,10,2,0
France,2021-01-18,1,553,5,1,1,0,116,9520,6,40,3
Taiwan,2021-01-05,2,500,7,1,0,0,1,9189,9,0,0
Canada,2021-02-10,0,2067,3,1,0,0,5,37914,3,0,0
France,2020-11-21,1,553,5,1,1,0,43,9520,6,18,0
India,2020-12-03,2,2687,2,1,0,1,1,51189,2,0,0
Taiwan,2020-12-09,4,500,7,1,1,0,126,9189,9,50,9
United Kingdom,2021-01-07,13,859,4,1,1,0,149,15748,4,50,9
France,2020-12-07,3,553,5,1,1,1,12,9520,6,2,1
Canada,2020-12-12,11,2067,3,1,0,0,7,37914,3,0,0
Italy,2021-02-03,0,386,9,1,1,0,63,7897,11,16,0
Canada,2020-11-23,0,2067,3,1,0,1,3,37914,3,3,0
Canada,2021-01-05,0,2067,3,7,1,0,5,37914,3,0,0
United States,2020-11-15,0,12384,1,7,1,1,8,233503,1,8,1
India,2020-12-02,0,2687,2,1,0,1,7,51189,2,1,1
United Kingdom,2020-12-07,2,859,4,1,0,1,0,15748,4,0,0
United States,2020-11-08,45,12384,1,1,1,0,576,233503,1,227,24
China,2021-01-20,1,490,8,1,1,1,6,10181,5,2,2
China,2021-01-30,0,490,8,1,1,1,3,10181,5,1,0
India,2021-02-07,0,2687,2,3,1,0,2,51189,2,1,0
Canada,2021-01-14,10,2067,3,1,0,0,3,37914,3,0,0
Singapore,2021-01-27,1,375,10,1,0,1,0,8899,10,0,0
Italy,2020-12-13,2,386,9,1,1,1,21,7897,11,6,0
Canada,2020-12-25,0,2067,3,7,1,0,9,37914,3,6,0
Spain,2020-12-14,3,536,6,1,1,0,83,9491,7,16,1
Canada,2021-02-24,0,2067,3,1,1,0,16,37914,3,0,0
Italy,2021-02-16,0,386,9,3,1,0,6,7897,11,0,0
Taiwan,2020-11-19,3,500,7,1,0,0,3,9189,9,0,0
United States,2021-01-04,3,12384,1,1,0,1,4,233503,1,0,0
United States,2021-01-28,0,12384,1,1,1,0,2385,233503,1,827,85
United Kingdom,2021-01-09,0,859,4,7,1,0,6,15748,4,2,0
Taiwan,2021-01-04,1,500,7,1,1,1,0,9189,9,0,0
China,2020-12-25,0,490,8,1,0,1,1,10181,5,0,0
Italy,2021-01-29,0,386,9,3,1,0,6,7897,11,5,1
Canada,2021-02-14,0,2067,3,7,1,0,5,37914,3,0,0
Canada,2020-12-25,8,2067,3,1,1,0,413,37914,3,137,10
Italy,2020-12-08,1,386,9,1,1,1,6,7897,11,3,1
China,2020-12-04,2,490,8,1,1,1,12,10181,5,12,2
Spain,2021-02-07,0,536,6,1,1,0,63,9491,7,8,1
China,2021-02-11,0,490,8,1,1,0,54,10181,5,20,1
China,2020-12-05,1,490,8,1,1,1,16,10181,5,12,2
India,2020-11-16,4,2687,2,1,0,0,4,51189,2,2,0
United States,2021-02-08,0,12384,1,7,1,1,3,233503,1,0,0
Spain,2020-12-03,8,536,6,1,1,0,124,9491,7,39,6
United States,2020-11-08,18,12384,1,1,0,0,17,233503,1,5,0
India,2021-01-21,0,2687,2,3,1,0,6,51189,2,3,0
United Kingdom,2020-12-12,3,859,4,1,0,0,1,15748,4,0,0
Canada,2021-01-10,4,2067,3,1,1,1,47,37914,3,36,5
France,2021-01-08,4,553,5,1,0,0,0,9520,6,0,0
United States,2021-01-25,0,12384,1,7,1,1,5,233503,1,0,0
France,2020-12-08,6,553,5,1,1,0,76,9520,6,31,0
Germany,2020-12-11,2,490,8,1,1,1,3,9483,8,2,1
United States,2021-01-01,1,12384,1,7,1,1,0,233503,1,0,0
France,2020-11-21,1,553,5,1,1,1,5,9520,6,5,0
Spain,2020-12-05,1,536,6,1,0,0,0,9491,7,0,0
France,2020-11-20,0,553,5,7,1,1,4,9520,6,4,0
India,2020-11-06,3,2687,2,1,1,1,6,51189,2,5,1
Italy,2020-11-21,1,386,9,1,1,1,0,7897,11,0,0
Taiwan,2021-01-02,1,500,7,1,0,0,0,9189,9,0,0
France,2021-01-10,1,553,5,1,0,0,1,9520,6,0,0
India,2020-12-27,0,2687,2,7,1,0,12,51189,2,10,2
United States,2021-02-02,0,12384,1,1,1,0,2088,233503,1,685,45
United States,2021-01-30,0,12384,1,3,1,0,3,233503,1,3,3
India,2021-02-03,0,2687,2,1,1,1,51,51189,2,25,2
United States,2020-11-02,20,12384,1,1,1,1,37,233503,1,28,9
United States,2020-12-16,38,12384,1,1,1,1,253,233503,1,136,23
Canada,2021-02-10,0,2067,3,7,1,0,4,37914,3,0,0
Italy,2021-01-16,2,386,9,1,1,0,82,7897,11,31,1
Singapore,2021-01-19,1,375,10,1,0,0,2,8899,10,0,0
United States,2021-01-10,1,12384,1,7,1,0,26,233503,1,10,1
Canada,2021-01-17,14,2067,3,1,1,0,316,37914,3,119,11
China,2020-12-22,3,490,8,1,0,0,4,10181,5,3,0
United States,2021-02-17,0,12384,1,7,1,1,6,233503,1,3,0
Italy,2021-01-06,2,386,9,1,0,0,1,7897,11,0,0
Germany,2020-12-15,3,490,8,1,1,0,115,9483,8,35,3
United States,2021-01-27,0,12384,1,7,1,0,10,233503,1,9,2
China,2020-12-19,1,490,8,1,0,1,0,10181,5,0,0
Germany,2020-11-15,2,490,8,1,1,0,42,9483,8,21,2
China,2020-12-07,0,490,8,7,1,1,6,10181,5,6,1
Italy,2021-01-20,3,386,9,1,1,0,66,7897,11,26,3
Italy,2021-01-25,1,386,9,1,1,1,5,7897,11,5,0
Italy,2020-11-17,2,386,9,1,0,0,0,7897,11,0,0
Germany,2020-12-04,0,490,8,1,0,1,2,9483,8,0,0
China,2020-12-11,4,490,8,1,1,0,96,10181,5,47,5
United States,2020-12-20,2,12384,1,1,0,1,2,233503,1,0,0
Canada,2020-12-19,5,2067,3,1,0,0,4,37914,3,4,0
Taiwan,2021-01-22,4,500,7,1,0,0,5,9189,9,0,0
Canada,2021-01-19,0,2067,3,3,1,0,3,37914,3,3,1
United States,2021-02-02,0,12384,1,1,0,1,6,233503,1,5,1
United States,2020-12-21,0,12384,1,3,1,0,9,233503,1,2,0
Italy,2020-12-28,0,386,9,1,1,0,75,7897,11,33,1
Canada,2020-12-25,0,2067,3,3,1,0,13,37914,3,12,1
United States,2020-11-08,0,12384,1,7,1,1,3,233503,1,3,0
Italy,2020-11-18,0,386,9,7,1,1,6,7897,11,0,0
Taiwan,2021-01-01,1,500,7,1,0,0,0,9189,9,0,0
India,2021-01-26,8,2687,2,1,0,0,2,51189,2,1,0
United States,2021-01-16,0,12384,1,7,1,0,22,233503,1,12,0
United Kingdom,2020-11-06,1,859,4,1,1,1,5,15748,4,5,1
India,2020-12-08,19,2687,2,1,0,0,8,51189,2,4,0
United States,2021-01-10,50,12384,1,1,1,0,2359,233503,1,773,72
India,2021-01-24,4,2687,2,1,1,1,44,51189,2,30,2
Canada,2021-01-28,0,2067,3,1,1,1,35,37914,3,21,3
Taiwan,2020-11-08,2,500,7,1,0,0,0,9189,9,0,0
Singapore,2020-12-28,3,375,10,1,1,0,92,8899,10,18,0
Singapore,2021-01-19,4,375,10,1,1,0,113,8899,10,49,1
China,2020-11-24,3,490,8,1,1,0,64,10181,5,27,2
United Kingdom,2021-01-12,5,859,4,1,0,0,0,15748,4,0,0
Taiwan,2020-12-29,5,500,7,1,1,0,79,9189,9,36,4
United States,2020-11-05,2,12384,1,1,0,1,2,233503,1,0,0
France,2020-12-30,1,553,5,1,0,1,0,9520,6,0,0
India,2021-01-27,6,2687,2,1,0,0,12,51189,2,2,0
Spain,2021-02-09,0,536,6,1,1,0,45,9491,7,9,1
Italy,2021-02-12,0,386,9,7,1,1,5,7897,11,0,0
United States,2020-11-24,0,12384,1,3,1,1,7,233503,1,4,0
Italy,2020-12-09,2,386,9,1,0,0,2,7897,11,1,0
United States,2020-12-06,0,12384,1,3,1,0,12,233503,1,6,3
Singapore,2021-01-01,2,375,10,1,1,0,92,8899,10,17,1
China,2021-02-10,0,490,8,1,1,0,63,10181,5,26,2
Italy,2021-01-19,1,386,9,1,0,0,0,7897,11,0,0
China,2020-11-30,2,490,8,1,1,1,8,10181,5,1,0
United States,2021-02-14,0,12384,1,1,1,0,875,233503,1,330,26
France,2021-02-13,0,553,5,1,1,0,36,9520,6,18,3
United States,2021-01-15,2,12384,1,7,1,1,5,233503,1,3,0
France,2020-12-22,1,553,5,1,1,1,22,9520,6,8,2
United Kingdom,2020-11-05,4,859,4,1,0,0,0,15748,4,0,0
India,2020-12-30,17,2687,2,1,1,0,600,51189,2,213,26
Spain,2020-11-19,3,536,6,1,1,1,0,9491,7,0,0
France,2021-02-22,0,553,5,1,1,0,16,9520,6,12,1
Canada,2020-12-17,4,2067,3,1,1,1,55,37914,3,36,2
United States,2020-11-26,17,12384,1,1,1,1,174,233503,1,99,9
Italy,2021-02-19,0,386,9,1,1,0,15,7897,11,10,0
Spain,2021-01-22,1,536,6,7,1,0,1,9491,7,1,1
China,2021-01-18,3,490,8,1,1,0,94,10181,5,42,6
Canada,2020-12-23,2,2067,3,1,1,1,40,37914,3,21,4
India,2021-01-08,1,2687,2,1,0,1,5,51189,2,4,0
China,2020-11-24,2,490,8,1,0,0,2,10181,5,0,0
Spain,2020-11-06,1,536,6,1,1,1,0,9491,7,0,0
India,2021-01-08,1,2687,2,7,1,1,0,51189,2,0,0
Canada,2020-12-27,1,2067,3,1,1,1,35,37914,3,20,3
India,2020-12-02,0,2687,2,3,1,0,3,51189,2,0,0
United Kingdom,2020-11-12,0,859,4,1,1,1,10,15748,4,9,0
United Kingdom,2021-01-03,0,859,4,1,1,1,9,15748,4,1,0
Taiwan,2021-02-07,0,500,7,1,1,0,35,9189,9,23,2
India,2021-01-24,11,2687,2,1,1,0,455,51189,2,183,18
Canada,2020-11-15,4,2067,3,1,1,0,168,37914,3,55,9
Taiwan,2020-11-05,3,500,7,1,1,0,19,9189,9,3,0
France,2020-11-25,2,553,5,1,1,1,3,9520,6,3,0
Spain,2020-12-10,0,536,6,1,0,1,3,9491,7,3,0
Singapore,2021-02-03,0,375,10,1,1,0,78,8899,10,27,1
India,2020-11-09,4,2687,2,1,1,1,22,51189,2,10,1
United States,2020-12-03,25,12384,1,1,1,1,210,233503,1,120,18
Canada,2020-11-10,0,2067,3,1,0,1,1,37914,3,0,0
Singapore,2020-12-14,1,375,10,1,0,0,1,8899,10,0,0
France,2021-02-09,0,553,5,1,1,0,71,9520,6,26,3
United States,2020-11-02,3,12384,1,1,0,1,3,233503,1,0,0
India,2021-02-15,0,2687,2,1,1,1,14,51189,2,1,0
Canada,2020-11-11,9,2067,3,1,1,0,100,37914,3,25,6
United States,2020-12-29,54,12384,1,1,1,0,2560,233503,1,843,80
United States,2021-02-18,0,12384,1,1,1,0,574,233503,1,219,14
India,2021-01-07,15,2687,2,1,1,0,548,51189,2,208,19
Canada,2020-11-25,10,2067,3,1,0,0,0,37914,3,0,0
Italy,2021-02-07,0,386,9,3,1,0,6,7897,11,6,1
Singapore,2020-12-17,3,375,10,1,1,0,73,8899,10,13,1
Singapore,2020-11-09,2,375,10,1,0,0,1,8899,10,0,0
China,2021-02-05,0,490,8,1,1,0,97,10181,5,33,4
Spain,2020-12-24,2,536,6,1,1,0,106,9491,7,35,2
United Kingdom,2020-12-13,9,859,4,1,1,0,187,15748,4,68,8
Singapore,2021-02-01,0,375,10,1,1,0,91,8899,10,31,2
Germany,2020-11-28,1,490,8,1,1,1,12,9483,8,4,2
Spain,2020-12-21,4,536,6,1,1,0,128,9491,7,40,7
China,2021-01-17,0,490,8,1,1,0,108,10181,5,47,5
China,2020-11-02,1,490,8,1,1,1,0,10181,5,0,0
Germany,2020-11-21,1,490,8,1,1,0,69,9483,8,26,1
Taiwan,2021-02-18,0,500,7,1,1,0,49,9189,9,24,2
Spain,2020-12-05,0,536,6,1,0,1,3,9491,7,1,0
China,2021-02-11,0,490,8,1,1,1,3,10181,5,1,0
China,2020-12-31,1,490,8,1,1,1,9,10181,5,8,1
China,2021-01-08,0,490,8,1,1,1,3,10181,5,0,0
China,2020-11-09,2,490,8,1,1,1,2,10181,5,2,0
India,2020-12-21,10,2687,2,1,0,0,15,51189,2,6,0
Taiwan,2020-12-06,0,500,7,1,1,0,105,9189,9,41,4
United States,2021-01-05,90,12384,1,1,1,0,2498,233503,1,801,100
China,2020-11-01,2,490,8,1,1,0,3,10181,5,0,0
Canada,2020-12-17,9,2067,3,1,0,0,12,37914,3,8,0
India,2021-02-14,0,2687,2,1,0,1,3,51189,2,0,0
Spain,2020-12-25,2,536,6,1,0,0,0,9491,7,0,0
Italy,2021-01-29,0,386,9,1,1,0,56,7897,11,23,2
Italy,2020-11-11,0,386,9,7,1,1,3,7897,11,0,0
China,2021-01-15,0,490,8,1,0,0,2,10181,5,0,0
China,2020-12-22,1,490,8,1,0,1,1,10181,5,0,0
Spain,2021-01-25,1,536,6,1,0,0,1,9491,7,0,0
Spain,2021-02-08,0,536,6,1,1,0,51,9491,7,8,1
United Kingdom,2021-02-20,0,859,4,1,1,0,19,15748,4,12,0
France,2021-01-24,0,553,5,7,1,0,6,9520,6,0,0
China,2020-12-25,0,490,8,1,1,1,6,10181,5,6,0
China,2021-01-18,1,490,8,1,1,1,4,10181,5,0,0
Canada,2021-01-09,7,2067,3,1,1,0,318,37914,3,121,8
India,2020-12-29,15,2687,2,1,1,0,629,51189,2,203,19
Italy,2021-01-22,5,386,9,1,1,0,84,7897,11,39,1
China,2020-11-09,3,490,8,1,0,0,0,10181,5,0,0
United States,2020-12-22,0,12384,1,7,1,0,22,233503,1,7,0
Spain,2020-11-14,2,536,6,1,1,1,0,9491,7,0,0
Singapore,2021-01-13,2,375,10,1,0,0,0,8899,10,0,0
United Kingdom,2020-12-02,3,859,4,1,1,0,164,15748,4,72,14
United States,2020-12-03,101,12384,1,1,1,0,2179,233503,1,726,86
Taiwan,2021-01-26,1,500,7,1,1,1,14,9189,9,9,1
Taiwan,2020-12-17,0,500,7,1,1,1,5,9189,9,1,0
France,2020-12-27,0,553,5,7,1,1,7,9520,6,0,0
Germany,2020-12-25,0,490,8,2,1,0,4,9483,8,0,0
Germany,2020-11-16,1,490,8,1,1,1,7,9483,8,7,0
Spain,2020-11-10,1,536,6,1,1,1,1,9491,7,1,0
Italy,2021-01-12,1,386,9,1,1,1,7,7897,11,1,0
Italy,2020-12-29,3,386,9,1,1,0,81,7897,11,31,0
United States,2020-11-17,20,12384,1,1,1,1,121,233503,1,54,11
France,2020-12-22,0,553,5,7,1,1,7,9520,6,0,0
United Kingdom,2021-01-21,7,859,4,1,1,0,151,15748,4,38,6
France,2021-01-18,0,553,5,3,1,0,3,9520,6,0,0
United States,2020-11-02,27,12384,1,1,0,0,12,233503,1,4,0
Canada,2021-01-12,0,2067,3,7,1,1,4,37914,3,4,0
Canada,2020-12-02,18,2067,3,1,1,0,439,37914,3,164,17
India,2021-02-04,0,2687,2,3,1,0,2,51189,2,1,1
United States,2020-11-24,102,12384,1,1,1,0,1691,233503,1,554,61
India,2020-12-23,0,2687,2,7,1,1,3,51189,2,2,1
Spain,2020-12-11,3,536,6,1,1,0,96,9491,7,22,2
China,2021-01-03,2,490,8,1,0,0,1,10181,5,0,0
United States,2021-01-01,1,12384,1,2,1,0,0,233503,1,0,0
Taiwan,2020-12-27,0,500,7,1,1,1,5,9189,9,5,0
United States,2020-11-20,0,12384,1,7,1,0,11,233503,1,4,0
Canada,2020-12-19,10,2067,3,1,1,0,508,37914,3,162,9
Germany,2021-01-22,2,490,8,1,0,0,0,9483,8,0,0
India,2021-01-18,17,2687,2,1,1,0,456,51189,2,203,34
United Kingdom,2021-01-28,0,859,4,1,1,1,13,15748,4,10,0
Italy,2021-01-31,0,386,9,1,1,0,60,7897,11,25,1
France,2021-01-24,1,553,5,1,0,0,0,9520,6,0,0
United States,2020-11-17,1,12384,1,3,1,1,6,233503,1,4,2
Canada,2021-01-22,4,2067,3,1,1,1,38,37914,3,24,2
Spain,2021-02-11,0,536,6,1,1,0,31,9491,7,4,0
Spain,2021-01-15,0,536,6,1,1,1,11,9491,7,7,2
Italy,2020-11-03,2,386,9,1,1,0,0,7897,11,0,0
India,2021-01-25,0,2687,2,3,1,0,5,51189,2,2,1
India,2020-12-08,1,2687,2,3,1,0,1,51189,2,1,0
Singapore,2020-12-30,2,375,10,1,1,0,110,8899,10,13,1
Singapore,2021-01-26,1,375,10,1,0,0,0,8899,10,0,0
United Kingdom,2020-12-05,1,859,4,1,0,1,0,15748,4,0,0
Italy,2021-01-24,0,386,9,7,1,1,5,7897,11,0,0
Germany,2021-01-06,1,490,8,1,1,0,118,9483,8,40,1
France,2021-02-07,0,553,5,3,1,0,3,9520,6,0,0
Germany,2020-12-01,5,490,8,1,1,0,70,9483,8,33,4
India,2020-12-06,11,2687,2,1,0,0,8,51189,2,0,0
United Kingdom,2020-11-20,3,859,4,1,0,0,4,15748,4,0,0
Germany,2021-01-26,3,490,8,1,1,0,90,9483,8,39,7
United Kingdom,2021-02-01,0,859,4,1,1,0,172,15748,4,62,1
United States,2020-11-24,0,12384,1,7,1,1,1,233503,1,1,0
Spain,2020-12-10,2,536,6,1,1,0,105,9491,7,23,5
Italy,2021-01-05,2,386,9,1,1,0,74,7897,11,29,2
China,2020-11-02,2,490,8,1,0,0,0,10181,5,0,0
India,2020-11-24,11,2687,2,1,0,0,6,51189,2,2,0
Germany,2021-01-16,1,490,8,1,1,0,135,9483,8,28,1
France,2021-01-07,12,553,5,1,1,0,102,9520,6,40,5
China,2021-01-23,2,490,8,1,1,0,130,10181,5,63,7
Germany,2020-12-19,0,490,8,1,1,1,12,9483,8,8,1
France,2020-11-09,2,553,5,1,0,0,1,9520,6,0,0
United States,2020-12-10,36,12384,1,1,1,1,239,233503,1,153,16
United States,2020-11-04,20,12384,1,1,1,1,35,233503,1,26,8
Italy,2020-12-13,1,386,9,1,0,0,3,7897,11,0,0
United States,2021-01-19,1,12384,1,2,1,1,0,233503,1,0,0
Spain,2021-01-11,0,536,6,1,1,1,17,9491,7,13,2
Taiwan,2020-11-07,3,500,7,1,1,0,31,9189,9,12,2
Taiwan,2020-12-08,7,500,7,1,1,0,116,9189,9,32,4
France,2021-01-17,0,553,5,1,0,0,1,9520,6,0,0
France,2021-01-28,0,553,5,1,0,0,1,9520,6,0,0
Spain,2021-02-04,0,536,6,1,0,0,1,9491,7,1,0
Taiwan,2020-11-16,3,500,7,1,1,0,50,9189,9,18,2
United States,2020-12-26,0,12384,1,7,1,1,6,233503,1,1,0
China,2020-11-17,0,490,8,1,1,1,4,10181,5,4,0
China,2021-01-11,0,490,8,1,0,0,2,10181,5,0,0
Germany,2020-11-06,2,490,8,1,1,0,16,9483,8,15,3
China,2021-02-21,0,490,8,1,1,0,3,10181,5,0,0
Germany,2021-01-11,4,490,8,1,1,0,159,9483,8,47,5
United States,2021-01-21,0,12384,1,3,1,1,4,233503,1,0,0
Canada,2020-12-24,9,2067,3,1,1,0,420,37914,3,143,8
Taiwan,2021-01-27,2,500,7,1,1,1,12,9189,9,11,2
China,2020-12-20,2,490,8,1,0,0,0,10181,5,0,0
India,2021-01-27,1,2687,2,7,1,0,3,51189,2,2,1
United States,2021-02-20,0,12384,1,7,1,1,6,233503,1,0,0
Canada,2020-12-20,4,2067,3,1,0,0,3,37914,3,0,0
Italy,2020-11-20,2,386,9,1,1,0,43,7897,11,19,4
Italy,2021-01-04,4,386,9,1,1,0,86,7897,11,34,5
United Kingdom,2020-12-31,1,859,4,1,0,0,1,15748,4,0,0
United States,2020-11-14,16,12384,1,1,1,1,113,233503,1,49,5
Canada,2020-12-23,5,2067,3,1,0,0,6,37914,3,2,0
France,2020-11-26,3,553,5,1,0,0,1,9520,6,0,0
United States,2020-11-22,0,12384,1,7,1,0,13,233503,1,3,0
Germany,2021-01-28,0,490,8,1,1,0,73,9483,8,23,3
Germany,2021-01-08,4,490,8,1,0,0,1,9483,8,1,0
India,2020-12-08,33,2687,2,1,1,0,559,51189,2,186,26
Canada,2020-11-27,22,2067,3,1,1,0,336,37914,3,124,14
Germany,2020-12-08,8,490,8,1,0,0,2,9483,8,1,0
Germany,2020-11-25,0,490,8,1,1,1,3,9483,8,3,1
United Kingdom,2020-12-26,2,859,4,1,0,0,2,15748,4,0,0
Canada,2021-01-04,13,2067,3,1,1,0,380,37914,3,117,22
Italy,2021-02-16,0,386,9,1,1,0,34,7897,11,12,1
India,2020-11-30,0,2687,2,7,1,1,7,51189,2,0,0
China,2021-02-07,0,490,8,1,1,1,3,10181,5,1,0
India,2021-02-22,0,2687,2,7,1,0,1,51189,2,0,0
Canada,2020-11-11,1,2067,3,7,1,1,0,37914,3,0,0
France,2020-12-05,3,553,5,1,1,0,65,9520,6,22,3
India,2021-01-15,22,2687,2,1,1,0,485,51189,2,206,20
United States,2021-01-03,26,12384,1,1,0,0,24,233503,1,12,0
France,2020-11-26,6,553,5,1,1,0,59,9520,6,28,2
China,2021-01-05,1,490,8,3,1,1,0,10181,5,0,0
United States,2021-01-28,0,12384,1,7,1,1,5,233503,1,0,0
United Kingdom,2021-01-05,1,859,4,1,1,1,6,15748,4,1,0
Germany,2020-12-19,1,490,8,1,0,0,0,9483,8,0,0
Canada,2020-12-20,0,2067,3,3,1,0,9,37914,3,9,3
France,2020-11-15,3,553,5,1,1,0,24,9520,6,9,1
Singapore,2021-02-05,0,375,10,2,1,0,3,8899,10,0,0
United Kingdom,2021-02-14,0,859,4,1,1,1,9,15748,4,9,0
Spain,2021-01-20,1,536,6,1,1,1,10,9491,7,10,0
United States,2021-01-23,14,12384,1,1,1,1,216,233503,1,136,18
Italy,2020-12-05,5,386,9,1,1,0,64,7897,11,24,4
Singapore,2020-11-02,1,375,10,1,1,0,0,8899,10,0,0
Germany,2021-02-20,0,490,8,1,1,0,41,9483,8,14,6
United States,2020-12-13,33,12384,1,1,0,0,24,233503,1,9,0
United States,2020-12-28,63,12384,1,1,1,0,2571,233503,1,859,84
United Kingdom,2021-01-06,0,859,4,1,0,1,7,15748,4,0,0
Canada,2020-11-17,0,2067,3,1,0,1,3,37914,3,1,0
Singapore,2020-11-22,0,375,10,1,1,0,39,8899,10,11,2
Taiwan,2020-11-22,3,500,7,1,1,0,72,9189,9,29,4
Spain,2020-12-16,5,536,6,1,0,0,4,9491,7,1,0
Spain,2020-11-25,1,536,6,1,1,1,1,9491,7,0,0
United States,2021-01-14,3,12384,1,7,1,0,25,233503,1,12,0
United States,2021-02-02,0,12384,1,7,1,0,11,233503,1,8,1
India,2020-12-16,1,2687,2,1,0,1,0,51189,2,0,0
Germany,2020-11-18,1,490,8,1,0,0,0,9483,8,0,0
United Kingdom,2021-01-22,0,859,4,7,1,0,5,15748,4,0,0
Singapore,2020-12-31,0,375,10,2,1,0,6,8899,10,0,0
Italy,2021-02-03,0,386,9,1,1,1,4,7897,11,0,0
United Kingdom,2020-11-10,3,859,4,1,1,1,10,15748,4,10,0
India,2020-12-01,0,2687,2,3,1,0,3,51189,2,2,1
Spain,2020-12-04,2,536,6,1,1,0,116,9491,7,33,3
Spain,2020-12-16,1,536,6,1,1,1,0,9491,7,0,0
United States,2020-12-01,0,12384,1,3,1,0,10,233503,1,5,1
Taiwan,2020-11-15,4,500,7,1,1,0,45,9189,9,12,0
China,2020-12-06,0,490,8,7,1,1,6,10181,5,6,1
Taiwan,2021-02-08,0,500,7,1,1,0,35,9189,9,20,1
France,2021-01-11,0,553,5,3,1,0,5,9520,6,5,0
Canada,2020-12-31,18,2067,3,1,1,0,396,37914,3,120,11
China,2020-12-02,2,490,8,1,1,1,15,10181,5,10,1
Germany,2020-11-24,1,490,8,7,1,1,0,9483,8,0,0
India,2020-12-27,9,2687,2,1,1,0,608,51189,2,202,21
United States,2021-01-04,69,12384,1,1,1,0,2465,233503,1,813,91
United States,2021-01-22,0,12384,1,7,1,1,5,233503,1,2,1
Spain,2020-11-10,1,536,6,1,0,0,0,9491,7,0,0
United States,2020-12-28,2,12384,1,1,0,1,1,233503,1,0,0
United States,2021-02-12,0,12384,1,7,1,0,14,233503,1,6,4
Canada,2020-11-30,13,2067,3,1,1,0,381,37914,3,153,13
Singapore,2021-01-06,4,375,10,1,1,0,103,8899,10,23,4
United Kingdom,2021-01-20,0,859,4,7,1,0,5,15748,4,2,0
Italy,2021-02-03,0,386,9,3,1,0,7,7897,11,7,1
Taiwan,2021-01-28,0,500,7,1,1,1,5,9189,9,4,1
China,2020-12-02,1,490,8,1,0,0,0,10181,5,0,0
Italy,2020-11-25,4,386,9,1,0,0,2,7897,11,0,0
Canada,2020-12-29,16,2067,3,1,1,0,409,37914,3,126,10
United States,2020-12-31,31,12384,1,1,0,0,23,233503,1,10,1
France,2021-01-24,2,553,5,1,1,1,8,9520,6,3,0
United Kingdom,2021-01-31,0,859,4,1,1,0,174,15748,4,53,6
Canada,2021-02-02,0,2067,3,1,1,1,11,37914,3,10,2
United States,2020-12-01,1,12384,1,1,0,1,4,233503,1,2,0
Taiwan,2020-12-02,2,500,7,1,1,0,81,9189,9,18,2
United Kingdom,2020-11-06,4,859,4,1,0,0,2,15748,4,0,0
Germany,2020-12-23,5,490,8,1,1,0,100,9483,8,31,1
Singapore,2021-02-21,0,375,10,1,1,0,15,8899,10,1,0
Taiwan,2020-12-17,4,500,7,1,0,0,3,9189,9,3,0
United States,2020-11-11,21,12384,1,1,1,1,88,233503,1,47,4
United States,2020-11-20,14,12384,1,1,1,1,158,233503,1,79,16
Germany,2020-12-04,3,490,8,1,1,0,60,9483,8,14,2
Taiwan,2020-12-16,2,500,7,1,0,0,0,9189,9,0,0
Singapore,2020-11-14,2,375,10,1,0,0,1,8899,10,1,0
Germany,2021-01-31,0,490,8,1,1,1,5,9483,8,3,0
United States,2020-12-27,26,12384,1,1,0,0,28,233503,1,16,1
Italy,2021-01-22,0,386,9,7,1,1,5,7897,11,0,0
China,2021-02-06,0,490,8,1,1,0,76,10181,5,27,5
United Kingdom,2020-12-20,1,859,4,1,0,0,0,15748,4,0,0
China,2020-12-12,3,490,8,1,1,0,99,10181,5,39,4
Canada,2021-02-03,0,2067,3,1,1,1,12,37914,3,12,2
Germany,2020-11-18,1,490,8,1,1,1,0,9483,8,0,0
France,2021-01-08,0,553,5,7,1,0,3,9520,6,0,0
Italy,2021-01-10,1,386,9,1,1,0,101,7897,11,33,5
United States,2021-01-04,1,12384,1,7,1,0,19,233503,1,10,2
Italy,2020-11-26,1,386,9,1,1,1,15,7897,11,11,0
United States,2021-01-28,0,12384,1,7,1,0,10,233503,1,9,2
Taiwan,2020-11-09,1,500,7,1,1,1,0,9189,9,0,0
Germany,2020-11-10,2,490,8,1,0,0,2,9483,8,0,0
Taiwan,2021-01-25,1,500,7,1,1,0,80,9189,9,30,1
France,2021-01-27,5,553,5,1,0,0,5,9520,6,1,0
United Kingdom,2020-12-16,1,859,4,1,1,1,5,15748,4,0,0
United States,2021-02-07,0,12384,1,1,1,1,115,233503,1,44,3
Singapore,2020-12-09,1,375,10,1,0,0,1,8899,10,1,0
France,2021-01-16,0,553,5,7,1,0,7,9520,6,0,0
Canada,2020-12-10,8,2067,3,1,0,0,4,37914,3,2,0
Singapore,2020-11-12,1,375,10,1,0,0,2,8899,10,1,0
Canada,2020-12-30,0,2067,3,7,1,0,6,37914,3,1,0
China,2021-01-14,1,490,8,1,0,0,1,10181,5,0,0
France,2020-11-11,1,553,5,7,1,1,3,9520,6,3,1
United States,2020-11-15,41,12384,1,1,1,0,982,233503,1,376,49
Canada,2020-11-27,5,2067,3,1,0,0,3,37914,3,0,0
Spain,2021-01-27,0,536,6,7,1,0,3,9491,7,0,0
Spain,2020-12-08,0,536,6,1,0,1,3,9491,7,0,0
France,2021-01-25,2,553,5,1,0,0,1,9520,6,0,0
United Kingdom,2020-12-29,1,859,4,1,1,1,19,15748,4,11,3
Germany,2021-01-07,2,490,8,1,0,0,0,9483,8,0,0
France,2021-01-28,0,553,5,1,1,1,3,9520,6,0,0
France,2021-01-30,0,553,5,1,1,1,3,9520,6,0,0
Spain,2020-12-18,2,536,6,1,1,0,103,9491,7,31,3
France,2020-11-06,0,553,5,1,0,1,1,9520,6,0,0
Singapore,2020-12-06,4,375,10,1,1,0,85,8899,10,11,0
France,2020-12-06,0,553,5,1,1,1,5,9520,6,0,0
Spain,2020-11-03,1,536,6,1,1,1,0,9491,7,0,0
India,2021-01-29,0,2687,2,3,1,0,2,51189,2,0,0
India,2021-02-15,0,2687,2,7,1,0,1,51189,2,0,0
China,2020-12-03,2,490,8,1,1,0,75,10181,5,28,1
United Kingdom,2021-01-04,5,859,4,1,1,0,125,15748,4,41,6
Spain,2021-01-26,0,536,6,7,1,0,4,9491,7,0,0
Spain,2021-01-26,2,536,6,1,1,1,10,9491,7,1,0
India,2021-02-23,0,2687,2,1,1,1,10,51189,2,0,0
Canada,2020-12-20,10,2067,3,1,1,0,493,37914,3,163,18
United Kingdom,2021-02-11,0,859,4,1,1,1,1,15748,4,1,0
India,2021-02-21,0,2687,2,1,1,1,14,51189,2,8,0
Taiwan,2020-12-19,3,500,7,1,0,0,2,9189,9,2,0
Taiwan,2020-11-22,1,500,7,1,1,1,0,9189,9,0,0
United States,2020-11-24,1,12384,1,3,1,0,2,233503,1,2,1
Taiwan,2020-11-30,2,500,7,1,0,0,1,9189,9,1,0
India,2020-11-08,0,2687,2,7,1,0,3,51189,2,0,0
Spain,2021-02-08,0,536,6,1,1,1,5,9491,7,0,0
Italy,2021-02-23,0,386,9,1,1,0,7,7897,11,6,0
United States,2021-01-18,1,12384,1,1,0,1,15,233503,1,0,0
India,2020-12-15,0,2687,2,3,1,0,2,51189,2,1,0
Canada,2021-01-29,0,2067,3,7,1,0,3,37914,3,0,0
United States,2020-12-11,108,12384,1,1,1,0,2413,233503,1,776,80
Italy,2020-11-09,0,386,9,1,0,0,1,7897,11,0,0
United States,2021-01-17,2,12384,1,1,0,1,16,233503,1,1,1
